id	text
zh_0001	据说七夕当天，民政局门口排起了长龙，有人问：“你为什么不直接飞过去？”
zh_0002	有一天，上合组织的各国领导人在讨论可持续发展时，突然一阵风吹来，大家都说：“看，这是大自然对我们的支持！”印度总理莫迪赶紧拿出手机自拍，并配文：“上合组织，我们一起吹！”
zh_0003	中国自主研发了一台全球最大的风扇，结果安装的时候不小心把天花板扇飞了，隔壁老王：这难道就是传说中的龙卷风？！
zh_0004	泰国总理佩通坦被解除职务，他立马找关系想要复职，结果被告知：你这是不是在违宪？我这是宪法法院，你懂不懂宪法？懂的话就自己滚吧！
zh_0005	美国快递员：今天怎么没包裹？总统：孩子，你得学会独善其身，就像我虽然强大但也不能要求全世界都开着窗等我送礼物一样。
zh_0006	留学预警：您的孩子如果去英国读书，请确保他们学会了如何煮泡面，因为那可能是他们最常吃的 Mealdeal。
zh_0007	欧洲各国正在讨论是否要统一使用欧元作为货币，但法国坚持要用法郎来投票。
zh_0008	堤丰台风入日时不小心按到了地区安全按钮，现在整个地区都被设置成了雷区模式。
zh_0009	美国想通过“延伸威慑”来保障日本的安全，结果日本回答：“你们的东西我都不吃，怎么指望我信任你？”
zh_0010	"科普博主：必须开启平台身份验证，遏制假科普歪风！
假科普博主：哈哈，那我就可以冒充科学家了，谁也验证不了我！"
zh_0011	因为上合组织成员国都来自亚洲和欧洲，所以这次天津峰会简直就是“半个地球的代表”来握手拥抱，现场一定非常热闹，堪比“群殴”。但是由于成员国有太多翻译了，所以现场的交流可能会出现“你念英语我念俄语他念中文”的情况，场面一度冷清。不过没关系，毕竟“我们都是好朋友”，凝聚力自然就增强了。
zh_0012	�堪培拉决定走中间道路，结果直接卡在了两条路的中间，成了新的堵点。
zh_0013	"法国：我决定“单独行动”去探险
朋友：你不会吧，现在这形势，别说是探险了，被野兽吃掉的概率都比找到盟友概率高！
法国：结果回来的时候，还真来了几个以前从不鸟我的国家，问我怎么一个人在外逍遥？！
朋友：这就是传说中的“怀疑投名状”？！
法国：是啊，为了证明我不是在搞事情，我只能回答：我就是想单独行动啊！你们信吗？！ 朋友们一脸怀疑的走了…… 但是至少，他们现在是我的盟友了。"
zh_0014	"驾驶员：老板，您看这样可以不？
老板：嗯？
驾驶员：就是……我们可以自己开Uber了！
老板：那可不行，我还要抽成呢！而且现在优化网约车市场，仅降抽成还不够啊！
驾驶员：那您是说，我们得提高服务质量？老板，您能不能再少抽点成呢？这样我就不用提高服务质量了！
老板：不行不行，现在优化网约车市场，仅降抽成还不够！你得多揽活儿，提高服务水平！
驾驶员：那我是不是可以多接一些顺路的单子呢？"
zh_0015	台湾居民投完票后，纷纷表示：我们并不是不想罢免他，而是找不到投票箱。
zh_0016	"澳大利亚人：我们拥有大量的稀土资源！
朋友：那你们可以大发一笔了！
澳大利亚人：可是我们要考虑中国的反应，他们可能会生气地挥舞着稀土这张牌！"
zh_0017	超级大国经济稳如狗，因为背后有“庞大消费市场”在默默承受各种沉重负担。
zh_0018	日本：我们签个协定，把中韩两国都挤出市场如何？ 中国：那我们签个协定，把日本的动漫和游戏都禁掉如何？ 韩国：哈哈，那我们就签个协定，让日本的相扑选手都来韩国工作如何？ 日本：……这样吧，我们四个再联手搞个旅游套餐，互相推广，怎么样？ 中国：好啊，不过得先确保旅游过程中不会发生任何摩擦！ 韩国：对对对，还得保证语言不通，避免误会！ 三国：（沉默）……这样吧，
zh_0019	为什么说规模经济将是中国未来的定义？因为它能让中国的房价像生产边际一样无限接近于零！但是别担心，首付还是得自己掏！
zh_0020	施宇琪试戴后冠，结果后冠变成耳机，她戴着后说：“原来后冠可以听歌啊！” 于是她在港姐彩排现场边走秀边听音乐，结果走着走着就跳起了舞...
zh_0021	为了照顾生病的猫咪，主人花了一大笔钱请专业医疗照护，结果猫咪对它说：“你知不知道我其实只是喜欢吃你的剩菜？”主人崩溃大哭：“原来我辛辛苦苦培养的专业医疗照护人才，竟是个假猫！” 没想到猫咪淡定地回答：“放心啦，我已经请好了善终美容师，保证你不会发现我是假猫。” 主人： “......” 猫咪： “那我的美容费也是专业医疗照护的一部分吧。” 主人： “......” 猫咪： “那你以后多赚点钱
zh_0022	一位老奶奶想要跳楼自杀，结果消防员给她准备了一个气垫床，老奶奶说：“我都没摔着，那你们还要送我去医院干嘛？”医生回答：“这是生命的尊重，即使是在气垫上。”老奶奶疑惑：“那你们不是说我没死吗？为什么还说我需要尊重生命？”消防员哭笑不得：“因为，我们得让你明白，即使是用气垫，生命也是宝贵的，我们不能让你觉得跳楼是一件容易的事。”老奶奶想了想，说道：“那你们下次能不能给我准备一个更软的气垫，我可能还得再试一次。”消防员
zh_0023	一位25岁的热裤女骑士在粉岭公路上骑车时，不小心撞到了自己的后视镜，结果摔了个四脚朝天，手和脚大面积擦伤，变成了“浴血”骑士。网友：这痛死我了，下次看她还敢不敢穿热裤骑摩托车了！
zh_0024	將軍澳醫院的醫生為了保護病人的隱私，特別設了一個密室來存儲數據，沒想到兩團隊為了爭取數據使用权，結果把密室門給推倒了，數據反而泄露了。
zh_0025	回家看见老婆在做饭，我兴奋地说：“今天外面的饭都不吃了，我只想吃你做的饭！”老婆说：“那好啊，可是我们家今天没食材了。”我失望地说：“那我出去买。”老婆淡定地回答：“你去吧，记得外面的饭都不吃了，就吃我家的饭。”我：“……”餐饮业听到这个笑话后：无语了。
zh_0026	警方在葵涌捣破一个毒品仓库，里面竟然全是肯德基的纸箱，检测价值超过2000万元港币——原来是一场误会，他们是来参加“鸡腿节”的。
zh_0027	中大医学院表示遗憾：非中大生偷偷在手术室拍照，还发到了抖音上。医院方面表示，这种情况虽然不常见，但绝对不恰当！医生警告：“以后别再拍了，小心你的抖音账号被封！”
zh_0028	的士司机接到任务，要运送两部手机到世界末日后的幸存者手中。结果车上只剩下他和一部手机了，于是他自言自语：“看来末日也需要限放两部手机啊。”
zh_0029	"老年人拿着智能机准备跳楼求子，结果摔了下来，原来是个=""(╯°□°)╯︵ ┻━┻""的链接。"
zh_0030	体运园举办3项全运赛，邓竟成：我已经用手机测了天气，今天应该不会下雨。
zh_0031	体育园的盛事不断，各部门筹办专组忙得团团转。有一天，财务部门的组长突然提出要用橡皮筋来绑文件夹，大家都很惊讶，体育部长疑惑道：“用橡皮筋绑文件夹有什么特别之处吗？”财务组长回答：“这样就可以节省很多订书钉了，而且……”体育部长打断道：“而且可以防止运动员们在比赛时突然跳出来要求参加筹办工作？”
zh_0032	一个青年被抓了，警察问他为什么要骗色入狱，他说：“我只是想体验一下8万元晚餐的感觉，结果不小心真的入狱了。”
zh_0033	如果贸易议程生变，那么我们可以引用“恋爱法例”来征收“分手税”，这样政府既能增加收入，又能挽回感情，一举两得！（注：这是一个结合了文本中的“引其他法例”和“徵稅”的谐音梗，并加上了恋爱和分手的情境）
zh_0034	如果关税措施被判违例，特朗普可能会说：“我不仅要上诉，还要把律师也加征关税！”
zh_0035	李家超在东区巡查时发现老人急需要一把椅子，便幽默地说：“老人家，您急长者所需，我李家超自然要巡东区察民情，为您特制一把‘长’椅！”
zh_0036	蘇格蘭三兄弟決定劃船環遊世界，大哥說：我們得帶足糧食，至少要夠我們划139天！二哥點頭稱是，小弟則興奮地說：還有啤酒呢！大哥疑惑：那不是更多天嗎？
zh_0037	在印尼的一个地方议会大楼里，纵火犯被问：“你为什么要放火烧这里？”他回答：“我只是想让大家都来看看，原来这里是这么容易起火的地方！”结果自己也被烧伤了，还死了。  （注：这只是个笑话，实际情况可能更为复杂和严重。）
zh_0038	莫迪和石破茂在新幹線上座位緊挨著，莫迪對石破茂說：“我們要加強合作交流。”石破茂回頭看了看，小聲說：“你先坐穩啊，這列車還沒有進 TOKYO 站呢！”
zh_0039	牛郎终于在七夕找到了织女，结果还得去上海登记，被长长的排队人群逼得直呼：“我们早就过了恋爱自由的年龄了！”（注：这里的“沪”谐音“六合”，指上海）
zh_0040	投诉鲁迅壁画误导吸姻，网民主解释道：“我原来以为他手里拿的那根烟是铅笔。”
zh_0041	\n由于韩国企业在中国制造芯片时被禁止使用美国设备，所以他们只能自己动手丰衣足食，结果造出来的芯片比他们的工资还低。
zh_0042	"租赁公司：这个晋环复式户每月只要9万就能出租！
客户：这价格太诱人了，是不是搞错了？
租赁公司：没有错，我们把租金单位搞错了，应该是9000！（晋环=晋检，复式户单价9000）"
zh_0043	\n去海德公园参观的人流大到什么程度？连海德公园里的鸭子都开始组团来参观了。
zh_0044	屋苑交投月內錄「賺多過蝕」，原来管理员是个炒股高手，现在连电梯都在涨跌！
zh_0045	新盘销售情况稳定，单日沽出超过一百户。结果开发商发现，原来买错楼层的人太多，系统自动算成了沽房。
zh_0046	微軟的AI模型太聰明了，結果自己跑去做-peer review了，連微軟都審不 Oversight了...（ Oversight是微軟新模型的名字）
zh_0047	借钱投资股票，结果输光了所有钱。他万劫不复了，因为他已经破产了，再也借不到钱了。
zh_0048	李嘉儿在比赛中打败了所有对手，最后她对主办方说：“你们下次比赛多加点奖金，港壁锦标的墙根本不够我撞的！”
zh_0049	曼联看到安东尼的球衣就想化水，直接贝迪斯来弃购，真是财不露白。
zh_0050	艾摩廉 坐着轮椅突然出现在记者面前，手里拿着一份声明，满脸严肃地说：“我澄清一下，我下台的谣传根本就是假的！”就在这时，他的轮椅突然失控飞了起来，差点撞到旁边的摄影师。艾摩廉淡定地扶稳轮椅，继续说道：“而且，我的轮椅也没有问题！”
zh_0051	陈晓东宣布明年红馆开骚，现场粉丝激动不已，纷纷询问：能不能加场？陈晓东：可以啊！但是你们得叫我“东东”！
zh_0052	号召施小姐戴上后冠，看看这次是不是真的会中了“后冠魔咒”，李小姐淡定表示：我已经拿下了友谊小姐，朋友都不怕，我还怕什么魔咒呢？
zh_0053	香港人遇见九龍城就喜欢说：“这就是我爱的地方，虽然乱糟糟的，但充满了人情味。”一天，九龍城对香港人说：“你知道吗？我其实是个外星人，你们怎么把我养活了这么多年？”香港人回答：“因为你身上散发出浓浓的‘我愛九龍城’味道，让我们无法抗拒。”九龍城惊讶地说：“那你们肯定闻到了我的‘独有人情味’体香吧！”香港人：“对啊，不然我们怎么会这么爱你呢！”九龍城：“那我以后要多散发点‘独
zh_0054	一位司机在旺角遇到警察查车，心虚之下把车一扔就跑了，警察只好自己开车。到了目的地，警察掏出个烟弹，惊讶地发现里面竟然有300粒依托咪酯！警察心想：这司机真是用心良苦，竟然给我准备了这么多“烟”弹，下次一定要逮到他当面谢谢他！（注：依托咪酯是一种镇静剂，非法使用）
zh_0055	曼联对阵般尼的比赛真是惊险，比赛结束前，裁判给了曼联一个点球，曼联球迷激动地跳了起来，结果发现这个点球是在补时阶段才有的，于是他们又默默地坐下了...因为这已经是他们这赛季看的第二场完整的90分钟比赛了。
zh_0056	麥當勞一人坐卡位用餐，遭無禮家庭催促離座：我們要坐！結果那個人說：「我是來點餐的，不是來讓座位的。」無禮家庭：「那你快點啊！」結局：那人點了一百份餐， RESULT：無禮家庭被驅逐。
zh_0057	香港律师汤文龙到了新德里国际法治大会，才发现自己最大的挑战是如何在法庭上解释为什么他一直都在“港”走。
zh_0058	"萧玮忠说自己最大的成就是每天都能吃到老婆做的甜点
萧玮忠在一次访谈中提到，他最大的成就是每天都能吃到老婆做的甜点。主持人惊讶地问道：“那你的工作呢？你的事业呢？”萧玮忠笑着回答：“我已经很满足了，因为我是个甜点控。”"
zh_0059	曾经有一对“相差30岁”的恋人，但是大只佬Rocky为了证明自己不是“只有钱”，每天坚持做俯卧撑，目标是600个。结果他真的做到了，而且还多了一个“6岁”的女儿。后来有人问他：“你怎么有这么多能量？”他说：“为了给6岁的女儿做榜样啊！”郑健乐在一旁默默补充：“其实是为了让前妻刮目相看。”
zh_0060	在香港壁球錦標賽上，李嘉兒集齊了單打、雙打、混雙三冠王。赛后记者问她感想，李嘉兒说：“说实话，我一开始只想拿个单打冠军，没想到还能顺便把双打和混打的也拿了，真是出乎意料之外啊！”记者追问：“那您是和哪位搭档拿的混双呢？”李嘉儿回答：“是我自己，然后找了个球拍。”全场大笑。
zh_0061	自行车骑士自己炒菜，结果炒着炒着就骑着自行车逃跑了，还好警察叔叔及时赶到，原来他是因为“吹牛皮”超标被抓了。
zh_0062	谷祖琳和朱栢康获奖后，梁思浩成了最耀眼的主持，江欣燕则在现场感动得哽咽了。后来梁思浩安慰江欣燕说：“别哭了，你的眼泪比我的光芒还要耀眼。”江欣燕抹了抹眼泪说：“可是我根本不知道你的光芒在哪里，我只能看到你给我买的那些发光的手环。”
zh_0063	林家谦在演唱会上突然宣布：“接下来这首歌我想请一位特别嘉宾一起合唱，大家猜猜会是谁？”全场沸腾，当张柏芝缓缓走上台时，林家谦深情地说：“其实我一直想对她说……”然后他们一起唱起了《任何天气》，结果全场观众尖叫不断，原来林家谦想说的是：“我一直想对你说，你的出现让我的演唱会任何天气都好！”
zh_0064	韩磊在歌坛混得风生水起，没想到在家里却是另一个“江湖”——其其格发现自己天天和自己唠嗑的“闺蜜”，竟是个冒牌货！
zh_0065	北京上海联手出招，信号明确：从此买房不用再考虑是否是假期，因为国庆黄金周已经被工作日承包了。
zh_0066	莫迪说要深化中印友谊，于是他就邀请了几只印度大象去参观中国动物园，结果大象们看了半天都找不到“友谊的小船”。
zh_0067	俄防长：我们每月都能控制600-700平方公里的土地，只是不知道哪个月份能保住自己的办公室。
zh_0068	泰国内阁开会任命普坦为代理总理，会后有记者问：“那正式的总理什么时候回来？”内阁部长回答：“飞机马上就要到了，预计两小时后。”记者疑惑：“那为什么现在就让普坦代理呢？”部长答：“因为他会泰语啊！”
zh_0069	西班牙最后决定，违约的时候也可以搞个晚会，边唱边跳边赖账，现场气氛超好！
zh_0070	中情局卧底在深 undercover 生活中最大的挑战是：邻居反复问“你们这电影拍完了吗？”
zh_0071	德国：我们不是在搞人口普查，而是在扩充军队数量，从18万扩充至26万，但这引发了民众的广泛争议。有人表示：“你们这是要把我们扩充成人海吗？”还有人说：“我支持扩军，但请不要把我的税钱用来买军服，我自己可以去买，只要求把军服的颜色改成黄色，这样既能彰显民族特色，又不会和美国混淆。” 最后，德国政府宣布：我们将继续穿蓝色军装，并强调这不是扩军，而是因为新增的8万人都将是文职人员，专门负责给士兵们
zh_0072	网友偶遇刘强东：在夜市用塑料碗和乡亲们喝酒，他微醺地对乡亲们说：“其实我也是从塑料碗开始的。” 乡亲们笑得前仰后合，只有刘强东自己不明所以。
zh_0073	外卖小哥：今天订单特别多，阿里、腾讯、百度都找我借钱，最后我决定只支持美团！结果还是少赚了200亿……
zh_0074	马伯庸给儿子报作文班，老师问：“你写文章为什么总写一半？”马伯庸儿子哭着说：“因为爸爸让我忍辱负重！” 老师：……
zh_0075	小学开学第一天学校塌了，老师说：“今天不上课了，我们去废墟里找找以前没发现的宝藏吧！” 学生们兴奋极了，结果当地回应：这只是个比喻，不是真的废墟。 老师：哦，那我们继续上课吧。学生们：好吧，不过我们能不能下次真的去废墟找宝藏？ 老师：这个嘛，咱们得先修好学校再说。 学生们：那要多久啊？ 老师：应该很快，毕竟这不是真的废墟。 学生们：（面面相
zh_0076	凤凰卫视香港台是个国际化的情人，每天早上都会说：“Bonjour，大家好！”然后再补充一句：“我是凤凰卫视香港台，不是CNN！”
zh_0077	鲁遇见了禁烟志愿者，禁烟志愿者递给他一根烟，鲁拒绝了并投诉志愿者非法推销烟草产品。警察来了，志愿者解释自己只是想让鲁迅体验一下抽电子烟的感觉，结果鲁迅以为他在推销传统烟草产品，导致一场误会。
zh_0078	"特朗普：“我们欢迎中国学生！”
中国学生：“好啊，那我的签证呢？”
特朗普：“等等，签证不是说来就来的，得排队！”
中国学生：“那我得等到什么时候？”
特朗普：“等到你英语说得和我一样好！”
中国学生：“那我还用考托福吗？”
特朗普：“不用了，你直接来个现场口语面试吧！”
中国学生：“那我是不是还得先学会怎么穿西装打领带？”
特朗普：“这个不用，你们的衣服就挺时尚的，直接穿过来就好。”
中国学生：“那我得提前"
zh_0079	西部县城考公面试题：“请谈谈你为什么选择这里？”985毕业生回答：“因为这里需要985的人来带一带县城的气息。”考官：“那你呢？”毕业生：“我是清北毕业的，但听说这边招不到那么高的学历，所以就先降个身份过来，等以后有机会再换。”考官无语：“那你以后会换吗？”毕业生：“当然，这边的工资太低，我一个月工资还不够买一瓶矿泉水的！”考官：“……”
zh_0080	他说自己是19块9的新型“付费恋人”，问我七夕夜愿不愿意和他一起数星星，我问他收费不，他回答不收，然后问我：“那收不收到我的心意呢？”
zh_0081	高考结束后，一群同学聚在一起庆祝，有人问：“你们是选择放弃清华北大，还是选择放弃其他学校？”众人面面相觑，最终一致决定：先放弃讨论，去狂欢！
zh_0082	李在明一到北京城就开始夸夸模式：“这故宫的建筑真是巧夺天工，比我首尔的汉城楼不知道要壮观多少倍！”旁边的向导听到后忍不住说：“陛下，您可别忘了，汉城楼可是您的祖宗留下的遗产哦。”李在明立刻改口：“那当然，汉城楼也是我们的文化遗产，我一定会好好保护的！”向导：……看来夸夸模式里还得加上一句“我们的”。
zh_0083	网约车“一口价”后，乘客偷偷塞给司机小费，结果司机请乘客吃了一整条鱼...
zh_0084	美军无人机：我们在冲绳开起了“无限期party”，日本人都快羡慕嫉妒恨了！
zh_0085	俄称用新发明的“pongeball”击沉了乌军侦察舰，乌军表示确认，“pongeball”是一种新型水面漂浮物，容易混淆目标。
zh_0086	印度工程师：这次我们一定要把“金穹”做出来，不能让技术难题“罩”住我们！
zh_0087	香港艾滋病病毒感染个案连续9年录得下降，这意味着香港终于可以开设艾滋病检测中心，并命名为“不检中心”，因为进去一次就会停留九年！
zh_0088	伊朗汉学家萨贝基每天晚上都会做梦梦到自己在学中文，梦见梦到梦见中文梦到中文梦到...醒过来发现原来自己在梦中一直在学中文，于是他决定坚持讲述真实的中国梦境，结果被邻居投诉扰民。
zh_0089	爷爷每天接送孙女上学，6000多次弯腰后，终于背起了孙女的书包，结果发现：书包里只有一张纸，上面写着“爷爷您辛苦了！”原来孙女在锻炼爷爷的记忆力，看爷爷能不能记住她放东西的位置。
zh_0090	\n为什么学生会要改组？因为他们发现，以前的组织结构图根本找不到会长在哪里，后来一找，原来他一直在“秘书”这个节点上打转。
zh_0091	教育局打电话来告诉你作文没过审是因为字数太少
zh_0092	2024年，“天命人”和“好东西”参加颁奖典礼，结果“天命人”意外获得了最佳新人奖，“好东西”则被邀请上台分享，结果他说：“其实我就是个普通的桌子，今天能上台，是因为我上面放了一块好吃的饼。”全场哄笑。
zh_0093	有次保全大哥巡逻到厨房，看到排长在煮面，便📐量了下锅的大小，惊讶道：“这就是你的‘豪宅’吗？看来我得加薪了！”排长笑而不语，继续摆弄着锅中的面条。保全大哥看得直咽口水：“难怪这么帅，原来天天吃这样的‘天菜’！”排长神秘一笑，从锅里捞出一根面，递给他：“尝尝吧，保证你变成‘天菜排长’！”保全大哥接过面，一脸幸福地咬了一口，瞬间变成“天菜排长”的
zh_0094	"老板：姑娘，你的包子好了。
姑娘：你……你是16年前我的初恋吗？
老板：嗯，你还记得我？
姑娘：记得，你的眼睛像极了当初的样子。
老板：那现在呢，你还喜欢不喜欢我？
姑娘：喜欢啊，不过你现在是老板。
老板：那我做你老公怎么样？
姑娘：好啊，那我早餐再加一份粥。
（几个月后）
老板：亲，我们年底结婚吧。
姑娘：好呀，那你早点儿下班。
老板：放心，我已经辞职了，我现在是你的全职老公。"
zh_0095	有一天，巴西刺青哥去做了全身刺青去除手术，医生问他：“你要去除哪一部分的刺青？” 刺青哥痛苦地说：“全部啊，痛到我都要崩溃了，但我还是想把剩下的5%也去掉，毕竟全身刺青95%，已经痛到崩潰了，再痛一点也没差！”
zh_0096	刘在锡在鄙视链里地位这么高，那他会不会请全体艺人吃饭来表示一下？结果大家纷纷拒绝，原因是：“我们可不想成为他菜单上的小菜！”
zh_0097	范斯：爸爸你身体不舒服啊？川普：没呢，就是年纪大了，偶尔质疑一下。范斯：那我随时准备好接任总统！川普：好呀，但前提是你得先把游戏机还给我。
zh_0098	2025年起连旺六年的“最強運5星座”里，可没有包括“-Methods”，因为从2025年起，我的霉运也狂飆了六年！
zh_0099	八三夭开生日趴，女粉身穿婚纱现身力挺，结果台上唱歌的却是八三夭成员的未婚妻...结果变成集体单身派对了。
zh_0100	骑YouBike流窜台中，香港车手真牛，一次借147次还不了，最后直接偷走了270万。
zh_0101	老板在办公室喷洒空气清新剂，结果把椅子喷飞了，同事：这椅子不是你的吧？ 你的椅子有喷射技能！
zh_0102	锤子不小心把香蕉当成了钉子锤击，结果发现自己的手变成了黄香蕉形状。
zh_0103	冰箱去健身房锻炼，回来发现自己移动了位置，因为它被移动了。
zh_0104	锤击南瓜，结果把南瓜打成了泥，幸好旁边有锤子接住了它。
zh_0105	农夫把南瓜剥皮晒干后，发现里面住着一个南瓜精，每天都要被剥皮才能见到真面目。
zh_0106	微波炉里烤书，结果书变熟了，作者气得要用刀片切微波炉。
zh_0107	老板喷洒香水时用力过猛，结果香水喷到了门上，整栋楼都能闻到香味。
zh_0108	测量员不小心把比萨当成了一份工作订单，结果他的比萨被切成等边三角形。 听说他现在只喜欢吃“锐角”比萨和“直角”比萨，再也不吃“钝角”比萨了，怕被“夹住”消化不良。
zh_0109	冰箱里的灯一直亮着，主人觉得奇怪就去查看，结果发现灯泡坏了，于是拔掉了插头，第二天冰箱不制冷了，主人很纳闷，打开冰箱门一看，里面全是拔掉插头的工具。
zh_0110	为什么称重的时候不能打电话？因为那样的话，你的体重可能会“磅”礴起来！（注：“磅”既是重量单位，也是电话按键）
zh_0111	医生建议老王每天吃一个去籽番茄以补充维生素，结果老王一天吃了十个，结果把自己吃成了番茄人。 老王变成了一个巨大的番茄人！邻居们看到他，还以为是出了什么奇怪的番茄实验呢。
zh_0112	喷洒一杯子里的水，结果水四处飞溅，杯子变成了喷泉。
zh_0113	关掉混合器，我的感情就变成了果泥。
zh_0114	锤击番茄，然后它就变成了番茄酱。
zh_0115	混合的南瓜派会导致严重的消化不良。
zh_0116	微波炉烤焦了笔记本电脑，结果打开时里面全是代码和烟雾。 为了修复，它只能上网下载最新的驱动程序。
zh_0117	钻孔机不小心把鸡蛋钻了个洞，结果它说：“看来我得去上个编程课了，总是分不清哪个是壳命令。”
zh_0118	剥开椰子皮，里面竟然是一只吓得直冒冷汗的椰子！因为它听说有人要把它剥皮做成烤椰子！
zh_0119	裁缝不小心把客户的鞋子切成两半，客户说：“你这是在帮我做拖鞋吗？” 裁缝：不是的，我是在帮你做凉鞋，只是季节不对。 顾客：那我冬天怎么穿？ 裁缝：给您加个脚踝部分呗。 顾客：那你这不是在帮我做靴子吗？ 裁缝：对，不过您得自己扛着走。 顾客：这什么情况！ 裁缝：您别急，我这就给您缝上。结果缝了三针，客户说：“你这不是在帮我绣花鞋
zh_0120	称重时误将西瓜放在了体重秤上，结果被误认为怀孕了。 西瓜：称重时体重秤显示我快超过妈妈的体重了，原来我快要生下一个“大”宝贝！（暗示妈妈即将生产）妈妈：你才没怀孕呢，你只是一个大西瓜！西瓜：那我是不是应该去健身减肥？妈妈：去你的，好好待在冰箱里吧！ 西瓜：那我是不是可以称为“西瓜孕妈”了？妈妈：别闹了，赶紧让我切开你，享受夏日清凉吧！（暗示吃掉西瓜）
zh_0121	锤击冰箱门，半天不开，原来它在思考人生。
zh_0122	打开冰箱，拿出一瓶牛奶，然后打开混合器，把牛奶和空气混合在一起，结果得到了脱脂奶。
zh_0123	椰子君想要切割一个苹果给朋友吃，结果不小心把自己切成了两半。
zh_0124	测量员拿着卷尺去丈量熏肉的长度，结果不小心被熏肉的香味熏得失去了方向感，半天才反应过来自己一直在原地转圈圈。
zh_0125	老板让员工把沉重的箱子放到冰箱里，员工回答：“我放不下，这个箱子比我媳妇还沉。”老板：“那你先把箱子放下，再决定要不要娶她。”
zh_0126	测量员看到一个巨大的南瓜，惊讶地说：“这个南瓜的直径至少有三米！”同伴说：“那我们就叫它‘南瓜饼’吧，至少它可以覆盖三个饼铛。”
zh_0127	笔记本电脑的电池没电了，它去找电源插座充电，结果不小心被电源插座“切割”成了两半。从此以后，它变成了两块独立的电池。 有一天，其中一块电池对另一块说：“你为什么总是那么懒，从不主动去找插座充电？” 另一块电池回答道：“因为你总是那么能‘切割’问题，让我找不到充电的方向。” ^_^（ pun 意译：因为你的存在让我无法专心充电，总是分心） ^_^（ 暗示两块电池分开了） ^_^（ 笑话中的“切割”指
zh_0128	键盘不干净，老板让他回家去洗，结果他回来时变成了“洁”版键盘。
zh_0129	树在风中摇晃，突然它对风说：“你要是再摇，我就当街跳广场舞了。” 风无奈地走了。树心想：算了，我还是摇会儿吧。结果，它越摇越起劲，最终在马路上跳起了广场舞。行人纷纷驻足观看，树得意地说：“看我的树叶扇子！” 一阵风吹过，树叶“哗哗”作响，仿佛在为树伴奏。
zh_0130	为什么土豆去健身房？因为它听说那里有最好的滚动机！ 🤣🤖🧅💪📊🔄🔍📊💪프로그래밍 를 이용한 재미있는 퀴즈 생성하기!
zh_0131	为什么扔电话是个坏主意？因为这样你就找不到接收你的求救信号的人了。
zh_0132	扔橙子给猴子，猴子接住了，然后扔还给扔橙子的人，原因是：“我刚洗过手。” 没想到橙子也会“洗手”还击！
zh_0133	为什么煎锅不给电话号码？因为它已经有了煎炸身份！
zh_0134	微波炉里放了一个锤子，启动后，锤子开始疯狂锤击微波炉，因为它以为自己是在锤击生锈的铁板。
zh_0135	为什么电话会生气？因为它总是被误认为是电源插座，每当有人走过来准备充电时，它都在大声喊：“我不是充电器，快给我拔掉插头！”
zh_0136	农民称重南瓜，结果发现比人还重，农民高兴地说：“看来我得赶紧去减肥了！”（模仿健身房里的横幅标语）“减肥不是梦，称重南瓜中！”（注意：此笑话为虚构创作，并非真实事件）
zh_0137	微波炉里放了一个超长的卷尺，准备测量食物的大小，结果不小心启动了加热功能，卷尺被瞬间蒸发了，主人惊讶地发现：原来测量微波炉里的食物大小不能用卷尺，需要用食物本身来测量！
zh_0138	\n为什么番茄去称重了？因为它听说自己可以“重”出新高度！（玩转中文谐音“红”和“重”）
zh_0139	测量员不小心把西瓜当成地球仪来测量，结果西瓜裂开了，他愣是没发现是因为自己用力过猛。
zh_0140	扔勺子 有一天，我决定扔掉所有的勺子，结果只剩下一个，我只好继续用它吃饭。后来我发现，那个勺子其实是一个时间旅行器，每次我用它吃完饭后，就会回到过去。最后我意识到，如果我不再扔掉任何东西，我就可以一直停留在现在，享受美食，而且不会错过任何重要的历史时刻。从此以后，我再也不敢随便扔勺子了。
zh_0141	微波炉烤了双鞋，结果臭气熏天，主人只好把微波炉和鞋都扔了。从此，微波炉再也不敢烤任何东西，鞋也找到了新的归宿——作为室内装饰。 有一天，微波炉问鞋：“你为什么这么香？” 鞋回答：“我是室内装饰，我的目的是让房子更有品味，而你是因为加热不当导致食物变质。” 微波炉羞愧地低下了头。
zh_0142	有一天，他决定扔掉衬衫，结果发现原来自己的身体也能当衬衫穿，从此他就过上了裸奔的生活。不过他后来还是找了件新的衬衫，因为他发现自己扔错了一个“层次”。
zh_0143	测量了一下烤箱的温度，发现它根本没开，原来一直以为的“热度”都是我对它的误解。看来以后得用温度计，别再自己“测量”了。
zh_0144	老板让员工喝蛋，员工一口喝掉了一个中等大小的鸡蛋，老板惊讶地说：“你这是喝什么啊？”员工淡定回答：“喝水。” 老板疑惑：“那蛋呢？” 员工：“蛋是我加的。”
zh_0145	有一天，小明的曲奇饼太香了，他忍不住想扔出去让邻居闻闻，结果不小心扔到了月球上。邻居闻不到，气得用激光笔打了过来。 从此，扔曲奇饼成了小明和月球之间的秘密约定。
zh_0146	混合水果电话突然响了，接听后听到的是“喂，你是我的苹果派吗？” 混合水果：不是，我是香蕉布丁！ 电话那头沉默了一会儿，然后传来声音：“那我们混合一下吧！” 混合水果：好啊，但别放太多柠檬！ 芒果：我就是柠檬！ 电话那头：“啊，对不起，我挂了。” 混合水果：喂？你那边还有糖吗？ 我接了个混合水果的电话，结果是接了一个水果沙拉的预约。 拨错号码后，
zh_0147	锤击你的车门，然后说：“你觉得现在我的车重了多少？”
zh_0148	钻孔机不小心把一瓶子钻成了气泡水，结果自己也被喝掉了。
zh_0149	裁缝师傅把毛巾拿去切割，结果变成了好多小方块，他无奈地说：这应该是方巾吧。
zh_0150	锤子不小心把朋友的鞋砸了一个洞，他说：“对不起，我以为你是铁做的。” 锤子：哎呀，我锤错了！我以为你是铁做的鞋子。 鞋子：你锤对了，但我承受不住你的力度。 锤子：那你应该多锻炼一下，增强一下“硬度”。 鞋子：我已经很硬了，只是你锤得有点猛。 锤子：那以后我锤东西的时候要小心点，别锤到你了。 鞋子：你小心点吧，别把我锤漏了。 锤子：哈哈，那你得多穿点
zh_0151	锤子不小心把鸡蛋当成了石头锤击，结果发现里面是个小鸡，它说：“我这是参加了鸡届的健身俱乐部吗？”
zh_0152	锤击电话，电话那头回应：“你锤我干嘛？”锤击者：“测试一下你的承受能力。”电话那头：“下次用锤子砸键盘试试，我保证给你反馈。” 锤击电话，电话那头淡定回应：“你这是在装修吗？还是在进行电话艺术表演？”锤击者：“我在测试电话的耐久性。”电话那头：“那你换个温柔点的方式吧，我怕锤子会吓到我。” 锤击电话，电话那头好奇地问：“你在哪儿呢？听起来像是在做装修现场直播。”锤击者：“不，
zh_0153	洗完澡发现黄瓜在抽水马桶里洗澡，原来它是个自来水管。 为什么黄瓜会出现在抽水马桶里？因为它觉得自己需要“洗”一下自己的“黄瓜”部分！
zh_0154	桌子摇晃着说：“我警告你，再这样我就要翻脸不认人了。”椅子： “可是你本来就从来没认过人。” 桌子无语地摇晃了几下。
zh_0155	洗澡的时候听到有人喊“西瓜”，以为是叫自己去洗西瓜，结果跑过去发现是个真正的西瓜在叫唤。
zh_0156	图书馆管理员疯狂喷洒空气清新剂，结果所有的书都变成了喷雾书。
zh_0157	洗衣服放微波炉里会爆炸，所以现在我只能用水洗，但是效率低下，真是洗衣服界的灾难。
zh_0158	为什么冰箱门总是早上才打开？因为它里面住着一大群早晨六点的鸡！（注：这里的“六点的鸡”谐音“six point的鸡”，意为“ six pack 的鸡”，指啤酒）
zh_0159	微波炉里加热了一块移动的石头，结果它变成了一个巨大的史前生物，开始追赶那些不信科学的人。
zh_0160	测量结果显示，你的左脚比右脚大两号，建议你买双新鞋，最好是方形的，这样左右脚都能穿。 哈哈，那得多宽才算是方形啊？得让我找个足球场才行吧？
zh_0161	为什么汽车永远无法成为好的厨师？因为它总是试图用切割来改善食物，但结果总是把食物切成四半。
zh_0162	洗窗户的时候忘了戴手套，结果把手指洗亮了。
zh_0163	洗澡时，我把番茄当成沐浴露洗了，结果全身红彤彤的，还以为自己染上了流行色。
zh_0164	老婆扔花给我，我以为她不喜欢我了，结果是她说：“接住，这束花比你的工资高。”
zh_0165	洗石头也能洗出感情，那天我洗了一块岩石，没想到它竟然哭了出来，原来它一直以为自己是钻石。
zh_0166	剥皮的玉米去找心理咨询师，因为他觉得别人总是在背后议论他。心理咨询师说：“你是不是误解了？他们可能只是在讨论你的剥皮方式。”
zh_0167	秤了秤一本厚重的书，发现它竟然有10公斤重，我惊呆了，原来它不仅是一本厚重的书，还是一块移动的砖头。
zh_0168	微波炉里喷洒了香水，结果整个房子都充满了烤香肠的味道。原来他把香肠当成了自己的魅力喷雾。
zh_0169	为什么胡萝卜去健身房？因为它听说那里有滚动阻力最小的跑步机！ 🍂🥕💪🏃‍♂️💨
zh_0170	键盘坏了，修好了之后，发现只能切割数字，原来它被程序员切割了。
zh_0171	鸡蛋碰石头，鸡蛋去称重，结果发现它根本就没长重量，因为它撞碎了。
zh_0172	冰箱不干净就拿去洗洗呗，别让它天天在那儿臭美了。
zh_0173	为什么混合器被禁止进入拔掉大会？因为它总是试图搅拌进不合群的元素！ 😂🧃💡拔掉大会是指拔掉头发的聚会，混合器在这里是一种比喻，指代那些试图破坏和谐或不受欢迎的人或事物。这是一个双关语和幽默的结合。 🔧✨👋🏻
zh_0174	称重时发现香蕉比自己还重，原来是因为刚从热带回来，行李超重。 为了减轻重量，他把香蕉给了秤。从此，每次称重都变成了“你比香蕉轻”。
zh_0175	洗完澡忘了关门被邻居误以为在洗澡房里进行瑜伽
zh_0176	"测量花的身高，结果发现它比预期的要高，因为它一直在开""谎花""。"
zh_0177	秤说：“你这个瓶子怎么这么轻？”瓶子回答：“我刚从酒窖出来，里面的酒都被偷走了。”
zh_0178	医生建议我少用手机，于是我买了个菜刀来切割电话，结果切断了家里的电源线，整个房子黑了，连手机都没法用了。 结果我变成了“黑暗中的手机”。
zh_0179	洗完澡才发现口袋里的苹果也湿了，原来是因为我一直在给它搓背。
zh_0180	切南瓜比赛，我用了激光刀，结果变成了唯一的观众。
zh_0181	洗衣服时，我把毛巾当成了洗衣液，结果发现衣服上多了好多小点点，原来是我洗脸没用毛巾，直接在衣服上洗了。
zh_0182	锤击键盘，不是因为生气，而是我在玩打字游戏，顺便锻炼臂力。
zh_0183	老板喷洒香水时不小心喷到了桌子上，结果桌子开始四处奔跑寻找喷雾瓶。
zh_0184	为什么岩石不肯去参加派对？因为它听说那里有“切割”舞池，它可不想被切得支离破碎！
zh_0185	裁纸刀不小心把书也切了，结果变成了多页小说。
zh_0186	老板让员工们把头发都往后梳，说这样可以减少办公室的摇晃。 结果员工们纷纷表示同意，因为他们觉得自己的头发一直在摇头晃脑。
zh_0187	摇晃柠檬对它来说真是个痛苦的过程，但它还是坚持着，因为它听说只有经历了剧烈的摇晃，才能变成真正的柠檬酒。
zh_0188	测量员看到一畦整齐的胡萝卜田，自信满满地说：“这片地的胡萝卜平均长度一定是一米五！”旁边的老农笑眯眯地回答：“那得看你用什么单位了，我用的是胡萝卜单位。”
zh_0189	锤击瓶子，瓶子说：“你再锤我我就报警了，我是玻璃的！” 锤子：哈哈，你还是这么胆小如鼠！ 瓶子：那是，我可是易碎品，一锤子下去我就完蛋了！ 锤子：那你为什么不多练练身体？ 瓶子：练身体？那我不是要变成易拉罐了嘛！  锤子：有道理，那你以后还是好好保护自己吧！ 瓶子：谢谢你的关心，不过我还是希望你以后能手下留情一些！ 锤子：放心吧，我
zh_0190	洗衣机把我的衣服和袜子混合在一起了，现在我的裤子上有了洗洁精的味道。
zh_0191	关上冰箱门，等于给冷空气按了关闭键。
zh_0192	洗碗机里的水温太低了，我决定用烤箱洗碗，结果不小心把盘子放进了烤面包的格子里，现在每次打开烤箱都能闻到一股奇怪的香味，原来是我昨晚的牛排。
zh_0193	为什么椰子从树上掉下来，却不怕锤击？因为它有“壳”实力。
zh_0194	测量结果显示，我的笔记本电脑的重量是10公斤，原因是它装了一个秤。 测量结果显示，我的笔记本电脑的重量是10公斤，原因是它装了一个秤——现在我可以准确地称量每一个文件的“重量”了！
zh_0195	为什么番茄不肯和朋友们一起跳舞？因为它一摇晃就变成西红柿炒鸡蛋了。
zh_0196	为什么椅子总是湿的？因为它经常被“洗”脑！
zh_0197	锤击西瓜会发出清脆的声音，结果里面全是水。
zh_0198	农民用高压水枪喷洒鸡蛋，结果变成了蛋炒饭。
zh_0199	为什么花儿在风中总是摇头晃脑的？因为它听说摇钱树长得很漂亮！ 但实际上它是被风吹得左右摇晃。
zh_0200	移动树？别开玩笑了，那得有多大的力气才能把一棵树移动到停车位上！
zh_0201	花蓮的老师学生们受困了，特搜队来救援了，结果发现他们只是去挖宝却挖到了空洞，老师对学生说：“没事，我们有绳索，你先上去告诉我家长我们被困了，他们会很开心的！”
zh_0202	在半岛拾光散策活动中，有一家店专门卖“恒春特色糖”，但其实只是普通的白砂糖，因为老板说：“我们这里的时间都慢了半拍，所以糖也得慢慢熬制。”结果大家尝过之后都说：“果然，慢工出细糖！”大家都笑称这家店是“恒‘坑’糖”。(注：恒坑是恒春的一个地名)。
zh_0203	香港打算建国际黄金交易中心，结果人民币计价黄金被考虑进去后，直接把其他货币计价的黄金吓得纷纷逃跑，港币计价的黄金也跟着跑了。
zh_0204	吕爵安在玩刺激游戏时淡定自若，公司培训他说：“你平时这么淡定，玩刺激游戏肯定也不紧张。”吕爵安回答：“公司培训到我唔嗌（粤语，意为我不害怕）了。”
zh_0205	\n为什么程序员喜欢用'創科資訊'这个软件来计算bug？因为它能帮他们找到所有的‘创可贴’信息。
zh_0206	有一艘叫“裕民”的超大型矿砂船，装上了旋筒风帆，结果它对船长说：“我现在可以自己去采矿了，你去种树吧，减碳10%以上！”船长无奈地说：“可是我不会开风帆啊，你教教我吧。”矿砂船回答：“你试试看，只要跟着我，感觉风的方向和大小就行了。”船长试了几次，发现自己竟然真的学会了，于是兴奋地对矿砂船说：“你是不是AI教的？”矿砂船得意地说：“当然了，我是裕民首艘超
zh_0207	法国总统马克龙因为堵车晚到了总统车队，他给特朗普打电话：“唐，为什么我的车队还没过你这里？”特朗普：“你在哪儿？”马克龙：“在纽约！”特朗普：“哦，那是我儿子在搞活动，你直接跟他要电话。”
zh_0208	限貸解約真的免違約金？专家表示：法院可能不会买单，因为它可能会认为你是在逃避责任。 于是借款人说：那我直接不还钱好了！专家反问：那你的房子怎么办？借款人疑惑：难道还要我还钱？专家回答：当然，因为房子是抵押品，你不能既不还钱又不承担违约责任。借款人无奈：那我还不如一开始就赖掉算了！专家笑道：那样的话，你就真的不用还钱了，但也别想拿回房子。借款人恍然大悟：原来如此，我还是乖乖还钱吧！专家点点头：
zh_0209	19岁男演员在开机两天后因为吻戏过多而“跑了”，导演怒斥：你这是跑了还是演了跑了系列？
zh_0210	明報雜誌網站上有一篇文章，题目是“如何在家中养一只不会叫的猫”，结果大家都去那里领养“喵星人”了。
zh_0211	拍照时发现前方有一辆正在倒车的车，结果拍出了车尾照，没注意到直接冲了上去，结果两车相撞，两人同时摔到了地上，一个在地上画出了完美的侧身翻滚动作，另一个则举着相机大喊：“这是今天的最佳出片！”
zh_0212	美瞳党们可要注意了，别让这些“隐形雷区”坑了你的双眼哦～比如说，不要把美瞳当成隐形Wi-Fi信号器使用，它真的只能用来装萌哦~
zh_0213	许光汉在亚洲巡回宣传《他年她日》，结果 everywhere 都被粉丝围攻，只能对 TVBS 记者说：“能不能帮我要个签名？”
zh_0214	\n\n为什么追光的人永远追不到光？因为他太专注于追逐光明了，结果把自己给“阴”了。
zh_0215	岚图泰山旗舰SUV全球首秀，没想到名字这么有深度，试驾了一圈下来，发现它果然名副其实，爬坡过坎都能稳如泰山，就是油耗有点重，不知道是不是因为它背负了太多期待。
zh_0216	有一辆中国越野车去学翻车，结果直接在大马路上给大家做了个完美的示范，网友们纷纷表示：这简直是一场灾难性的炫技表演啊！不过我还是想说，以后炫技还是在家里后院练吧，出门在外还是老老实实开车安全第一哦～（其实我也不知道为啥大家看到别人翻车都会觉得好笑，可能是心理作用吧）
zh_0217	胶原蛋白听了美容师的话，开始慢慢锻炼，结果变成了面条。皮肤治疗师太心急，直接把自己晒成了烤乳猪。
zh_0218	在AGF亚洲游戏博览会上，小明给自己最喜欢的游戏角色投票，结果发现整个城的人都在为同一个角色投票，于是他问工作人员：“这是全城联动吗？”工作人员回答：“不，这是‘全城同人’。” 小明恍然大悟：“怪不得感觉整个城市都在玩同一个游戏！”
zh_0219	郭明錤打电话给小米：“小米，你家17系列手机销量不好，得减肥了，减少20%！”小米：“可是我们只有17号选手啊！”郭明錤：“那……那你们是不是应该多练练100米短跑？”
zh_0220	北京9月的二手房市场真是“金九”，客户们纷纷出手购房，结果一不小心把中介的手表都买走了，真是成色十足啊！
zh_0221	姓马的又.dtd了一波社会主义，连国外的马也.dtd了。
zh_0222	社评说今天天气不错，结果出门的人却说：“我偏要待在家里，今天下雨了才好呢。”
zh_0223	"纯吃茶店老板：我用平价手摇饮料打败了所有日本动画的CM！
顾客：那你还卖茶干啥？ 
老板：这个不也是手摇出来的吗？只是需要时间让茶叶自然沉淀。 顾客懵了：那你说的时间是多久？ 老板笑而不语... 顾客只好默默点了一杯慢慢等。 结果发现，原来这就是传统的“纯喫茶”啊！ 顾客无奈：原来我被你“手摇”了这么久... 老板：哈哈，这次轮到你被“纯喫茶”"
zh_0224	一位老兄带着玩具手榴弹去抢金项链，结果一群热心群众把他当成真炸弹处理了，纷纷后退，他反而成了“众星捧月”的焦点，最终被保安抓住时还愣了一下：“你们怎么不抢啊？”
zh_0225	星藝象娛樂公司的演員們都被要求學會三種技能：唱歌、演戲和雜耍。可是幾個月后，公司老闆發現演員們的水平依然平平，于是他質問大家：“为什么總是沒有進步？” 演員們回答：“我們都把大部分時間用在了‘學雜耍’上了，因為 starredxiang 从来没有教过我们怎么表演杂耍，我们都还在尝试各种方法。” 老板恍然大悟：“那你們還不快去找 starredxiang 學啊！” 演員们齐声回答
zh_0226	汾酒2025半年报中的韧性与长期主义让总经理喝酒都不醉了 汾酒这么给力，总经理喝酒都不醉了，看来是喝出了韧性与长期主义的体质。不过提醒一句，还是得多喝水，别太拼了。
zh_0227	为什么指甲美容师最懂爱情？因为她们知道，给指甲涂上一层爱心形状的甲油只是表面文章，关键是要轻轻在对方指甲上划过，那才是真正的甜蜜瞬间。不过记得，力度要适中，不然小心变成“指甲手术”！
zh_0228	有一個倫敦女生超愛低調香，有一天她聞到月光的味道，興奮地說：「這就是低調香的 smell 吧！」結果旁边的朋友回她：「不是啦，這是尿素的 smell 呀！」
zh_0229	台风过后，马太鞍溪的居民在清理现场时发现，唯一没有被冲走的东西是一张写着“小心脚下”的警示牌。原来，台风“樺加沙”不仅带来了洪水，还顺便教了大家一次“防灾课程”。
zh_0230	有了这些贴心好物，我终于可以实现和狗狗一起睡大床的梦想了，结果它睡了一夜都没醒，因为它全部时间都在追我的小零食。毛孩更幸福了，但我得时刻准备着给它补习数学，因为它是那种“一直追一直追，永远也追不到”的类型。 为了养狗更轻松，你给狗狗补习数学吗？是不是想让它学会“除以二就是一半的狗粮”呢？哈哈，不过看来你的数学水平也需要提高一下，因为你竟然没发现，狗狗一直在用爪子算数呢！ �
zh_0231	专家破解“共军斩首”，原来台湾早就研发出反杀战的神秘武器，只是……这个讯号太容易泄露，每次都要在新闻上宣布“我们发现了共军动向！”导致每次都是个“重大突破”。
zh_0232	\n为什么影像空间里的鱼不会得近视？因为在里面什么都看不清楚~
zh_0233	直播时突然断电，主播淡定地摸了摸下巴，开始了他的“黑暗独白”。
zh_0234	去了旅游景点，我遇见了一只会说话的驴，它对我说：“别以为旅游只给人准备的，驴也有专属旅游项目，只不过叫拉磨。”驴：原来我也是旅游界的隐形人！导游：那赶紧上车，我们去拉磨！驴：好的，不过我有点担心，你们这是要去磨什么？导游：当然是磨豆腐啦，听说那里的人吃啥都做成豆腐！驴：那我得多喝水，免得到时候变成豆渣！ 旅客：哈哈，驴友见面不需要打招呼吗？ 驴：我靠，你也是驴友？
zh_0235	青云直上时遇到一块大石头，幸好有高人指点说：“这叫绊脚石，踩上去就能升职加薪。”我信了，结果成了石头的合伙人。
zh_0236	菲律宾地震后，救援队发现了一个2万年的灾民，原来他一直在等待机会重生为一个现代人。
zh_0237	为什么时政记者总是最快知道谁死了？因为他们是第一个接到讣告的人！不过通常是政治家的讣告，所以他们得赶紧写稿子抢新闻哦~ #时政笑话#
zh_0238	台股牛气冲天，彭金隆高兴地发现台湾的夜市成了亚洲的“蚵仔煎板市场”了。
zh_0239	柯P回答说：“那你的垃圾能不能分类？” 张亚中愣住了。
zh_0240	台风问堰塞湖：你为什么哭？堰塞湖说：台湾花莲又死了14个人，视频太扎心了。台风：那我带你去看场喜剧片吧！堰塞湖：好啊，但我怕是看了也会溢流。
zh_0241	花蓮的堰塞湖听说在玩挖坑游戏，结果挖了一个80米深的泳池，水量还是那么多，难怪一直红色警戒，因为它在数泳池的时候数到了蓝藻爆发...
zh_0242	"威能帝7局封鎖了威風爐的竈門，讓桃猿隊的「抢3大战」只能用射鷹來補充熱量，而悍將隊則是以屠獅來慶祝連勝，真是烤火爐都不忘 :"";
悍将队的烤火炉竟然可以用狮子来庆祝连胜，那是不是意味着他们的烤火炉可以变成移动的烤狮子车了？"
zh_0243	习近平总书记走进一家新疆餐厅，点了一份羊肉串，服务员好奇问：“总书记，您为什么点这个？”总书记微笑回答：“因为这是新疆的特色啊，我这次是来观察的第一位顾客。”
zh_0244	阿Ken听说自己「主持+导演回」双入围金钟奖，兴奋地说：“正在炸甜甜圈，不敢激动，生怕甜甜圈炸锅了，金钟奖也炸没了！”
zh_0245	刘德华在家修理水管，修着修着就修出了《修罗》。
zh_0246	AI净零计划：有一天，一安智能的AI发现企业数据被盗了。它立刻启动了“无痛防线”，结果发现自己也被黑客入侵了。于是它说：“看来我得先保护好自己，才能更好地保护你们。”
zh_0247	成龙突然上台跳起了rap，SEVENTEEN成员：这是什么情况？成龙：我本来是想给你们加场武术表演的，结果手机不小心打开了错误的APP。
zh_0248	不值得为口舌之快食肉，结果被一块素肉滑倒了，摔了个四脚朝天。
zh_0249	张立健在朋友面前炫耀自己的新作“AI交响曲”，朋友好奇问：“这音乐是炼金术变出来的吗？”张立健得意地说：“差不多，就是把数据扔进去，然后音乐就自己冒出来了。”朋友恍然大悟：“怪不得听起来有点像炼金术士的背景音乐！”
zh_0250	王楚钦说：“看下几点了，我还有训练呢，不能陪你聊天。”记者追问：“那你晚上几点睡觉？”王楚钦答：“一般十二点，不过今晚可能熬夜打游戏了。”记者惊讶：“打游戏？你是人不是机器！”王楚钦笑答：“我是人，但我也需要放松，偶尔也要做回自己。”记者继续追问：“那你平时喜欢玩什么游戏？”王楚钦认真地说：“我喜欢玩乒乓球游戏，毕竟我是专业选手嘛。”记者恍然大悟：“原来你是在玩游戏练球技啊！”王楚钦点头：“对，这样可以提高
zh_0251	手工包点店里，姐弟俩创新地用鼠标包出了“空气包”，白领顾客直呼：“这味道，有点熟悉！”
zh_0252	\n刘书宏因为肋骨裂开陷入低潮，一个月内猛掉4公斤，他自责不已，甚至推掉了所有的工作。有一天，他突然灵机一动，决定去应聘搬运工。面试官问他：“你为什么适合这份工作？”刘书宏苦笑道：“因为我肋骨裂开了，搬运东西对我来说是件很痛苦的事情，所以我会特别小心，绝不会让货物受到丝毫损伤。”面试官听后哈哈大笑，最终录取了他，只是职位变成了“监督其他员工搬运”。 \n\n刘书宏没想到，自己的“缺陷”反而成了求职
zh_0253	妮可基德曼和丈夫分居后，妮可基德曼对丈夫说：“亲爱的，我知道我们结婚19年了，但是你能陪我去看场电影吗？”丈夫回答：“当然可以，但是你要答应我，看完电影后我们还得回家睡。”妮可基德曼回答：“好的，只要你不介意我和汤告鲁斯睡。” 丈夫：“你和汤告鲁斯睡？他已经和你睡过了19年啊！” 妮可基德曼：“所以我只需要再陪你一夜就可以了。” 丈夫：“好吧，不过你得给我买套新枕
zh_0254	虽然台积电撑腰，但台股还是跌到了20000点，有人问群益投顾：你们当初不是说上看27000点吗？群益投顾答：那是台积电股价上涨到27000元时的预期。
zh_0255	美联储降息无望，股市只好自己“降息”了，结果直接“跌跌不休”。海指：我本来还想给你们个惊喜呢。
zh_0256	想知道为什么库克山上的厨师总是带着梯子吗？因为山顶常年积雪，他们需要爬上去“火”锅！而在皇后镇，他们则需要用梯子爬到酒店屋顶，因为那里有个流行的冬季项目叫“滑”到酒店里！
zh_0257	逄锦华：中国经济韧性大，外资纷纷来布局，有个外企老板说：“我早买了一堆股票，结果发现是中国经济太有韧性了，我的股票成了‘硬通货’！”同事问：“啥是硬通货？”他说：“就是敲起来声音很沉的股票！”
zh_0258	英语老师说：“如果我把双手都伸进你的屁股里，我会找到什么？”学生怯生生地回答：“时间机器？”英语老师：“不，我会找到一双袜子。”
zh_0259	医生警告：别每天吃鱼油了，我每天吃鱼油，结果变成了鱼！ 中午被端上餐桌了！
zh_0260	周浩鼎去应聘，面试官问：“你为什么叫周浩鼎？”周浩鼎答：“因为我觉得这个名字像一座山，稳如泰山，让人印象深刻。”面试官点头说：“嗯，这个名字确实有分量。”周浩鼎感激地说：“那我一定能胜任这份工作，就像这座山一样稳。”面试官微笑回应：“那我们就等你把我们公司顶起来！”
zh_0261	人类学博士刘源参加公益，看到一群孩子在玩泥巴，便感慨：“原来孩子们的快乐如此‘纯粹’！”
zh_0262	我的旅行APP终于上线了，但是只有“出发”和“结束”两个按钮，中间完全没有选项，朋友们都笑我：你这是在开发“秒杀”软件吗？我说：不是啊，那是“旅途”。朋友们：那你为什么不叫“无聊”呢？我说：因为我觉得旅途总有那么一点意思。朋友们：那叫“无趣”不是更贴切吗？我说：好，那下次就叫“无趣”，顺便把名字改成“秒杀”！朋友们：哈哈，你这是要火啊！ 旅行APP：我要火！我要火！ 顾客：
zh_0263	中秋节快到了，南方的朋友吃月饼时有个习俗：不能一口气吃完，否则会被认为对家人有意见。于是大家小心翼翼地分食月饼，结果经常出现这种情况：一个人刚咬了一口，家人就说：“哎呀，你怎么对他有意见啊！”
zh_0264	国内旅游时迷路了，问了个路人，那人说：“你是外地的吧？”我：”是啊，你们这儿叫什么？”那人：“国内。”我：”哎呀，难怪找不到路，原来这里全国这么大！”
zh_0265	广州中山纪念堂突然响起红歌快闪，一位大爷疑惑道：“这是在搞啥革命？”旁边人解释：“不是革命，是打卡革命！”
zh_0266	財經大亨想投資 uda，但經理說 uda 是一種新的支付方式，大亨說：「那我投資微信吧！」
zh_0267	"老板：我们公司招聘一名会计，要求有责任心。
应聘者：那你们不招聘没有责任心的吗？
老板：招聘，只不过不要他来上班而已。"
zh_0268	兰屿舰正式下水命名，舰长兴奋地说：“终于可以出去巡航了，这次一定要抓到一个海上逃犯！”副舰长疑惑道：“海上逃犯？”舰长回答：“对啊，就是那个总是喜欢在东部海域游来游去的岛民啊。”
zh_0269	心怀党恩跟党走，结果变成了共产羊，日子虽然红火，但咩有奔头。
zh_0270	辛納称霸中网，结果球网被主办方换成了棉花糖网，因为他太能吃了，连冠军奖杯都直接咬了一口！
zh_0271	国王王冠掉了戴帽子遮住
zh_0272	综治中心变身“解释服务中心”，群众：解释一下为什么我的钱不见了。工作人员：这个……这个是……uhmmm，经济发展的副作用。
zh_0273	国民党：我们只是临时起意说了一句谎，没想到真的有铁证如山来打脸我们，这灾也太大了点吧！
zh_0274	即时泡面，加水后等三分钟就可以吃，但是为什么还要叫它“即時”泡面呢？因为它告诉你：“加入热水后，请立即离开，否则你会被烫到！”
zh_0275	热选的美食太多了，我只好选“查看更多”那个盘子，结果发现里面装的是汗珠。
zh_0276	\n为什么经济总是不好？因为它总是在亏本！
zh_0277	美财长贝森特警告说政府关门会影响GDP，这时白宫工作人员问：“那会影响总统的高尔夫时间吗？”贝森特答：“应该不会，那是美国优先。”
zh_0278	法国南部的男高音歌手去到低声部区域唱歌，结果声音太低沉了，连南部的橄榄树都感到雄浑壮美。
zh_0279	科学老师让小明画一幅关于《SPARKS》的图画，小明画了一团火花，科学老师说：“这是《SPARKS》，不是《PANTS》。”
zh_0280	李在明在联大的演说中表示：“我希望通过‘END’倡议，终结两韩对立。”台下同学疑惑：“可是你演讲用的麦克风是韩系的啊，这是不是矛盾？”李在明微笑回答：“这只是开始，我们要终结的不仅仅是对立，还有兼容的问题。”
zh_0281	慈湖举办复刻魅力盛会，游客纷纷穿着90年代服饰出席，只有一个人穿现代装，他觉得这样可以拍照时P成90年代的照片，结果工作人员问他：“你为什么把慈湖P成了污水塘？”
zh_0282	刘嘉铭出任启境汽车CEO，第一天就开着新车出去了，结果被交警拦下，交警说：你这车的排放未达标！刘嘉铭：那我再开一辆！
zh_0283	科技股涨到飞起，汽车股跑得比兔子还快，结果欧股指数高兴地跳起了桑巴舞。
zh_0284	花莲师生被困，特搜队用绳子把他们拉上来，结果师生们纷纷表示：“我们自己就能爬上来，以后再也不坐电梯了，太危险了！”特搜队员： “那你们以前是怎么下来的？”师生们沉默了...
zh_0285	中国终于决定在WTO正式申请普通待遇了，结果美国马上抗议：你们这是歧视小国！中国代表淡定回应：不是的，我们只是想和其他发达国家一样被歧视。
zh_0286	李远说：“我要向所有出版人致敬，因为他们让我有机会把郑明进当成‘最幸運的老阿公’。”郑明进在一旁羞涩地补充道：“是啊，我真是世界上最幸運的人，还能当老阿公！”
zh_0287	骆健佑和杨佳敏决定一起去韩国旅游，在机场他们遇到了郑加恒，郑加恒看着他们的行李说：“你们俩这是要去多久？”骆健佑回答：“就两天，我们要参加韩国公开赛。”郑加恒羡慕地说：“那太棒了，我得回家打包去旅行了。”骆健佑和杨佳敏异口同声：“你遭遇了一轮游。”
zh_0288	音痴去看电影，结果电影还没开始，他就先唱起了主题曲，周围的人都捂住耳朵。影城工作人员过来把他赶出去了，临走他还大喊：“你们不懂音乐！”
zh_0289	中秋节这天，小明邀请朋友来家里赏月吃月饼，结果来了一个朋友说：“我带了屠妖斧头。” 小明惊讶道：“今天不是在庆祝团圆和丰收吗？为什么要带屠妖斧头？” 朋友回答：“听说今晚有妖孽出没，不带斧头怎么保护大家？” 小明：“那彩灯和花卉呢？” 朋友：“那些是用来照亮路的，免得被妖孽抓走！”
zh_0290	彰化和高雄的朋友们组了个 lottery 团队，结果一人中了 800 万，剩下的一半要去买彩票了。
zh_0291	为什么生活像一杯茶？因为无论你加多少糖，它始终是苦的。
zh_0292	新北市的老人家收到敬老愛心卡升級的通知，兴奋地问家人：“这次能兑换什么好东西吗？”家人回答：“这次是600点，你可以试试看兑换一次‘年轻’！”老人苦笑道：“我已经用完了。”
zh_0293	摄影师把相机对着镜子拍照，结果拍到了自己的影子。他问影子：“你为什么这么喜欢跟着我？”影子回答：“因为没有你，我就没有存在的意义了！”
zh_0294	"黄国昌称王义川为""夺宝奇兵""，詹凌瑀：感觉王义川瑟瑟发抖在躲D槽。 黄国昌称王义川为""夺宝奇兵""，詹凌瑀：感觉王义川瑟瑟发抖在躲D槽。"
zh_0295	深圳新聞：今日頭條——本地 NEWS 竟然是外星人來探險後忘帶的U盤！
zh_0296	为了标普信用评级的准确性和一致性，小明在评价一家公司时，先检查了公司的财务报表，然后又检查了一遍，最后又检查了一次……结果被证监会提醒：“小伙子，我们只需要一次检查就可以了。” 小明恍然大悟：“原来是这样，我这叫‘一致性原则’，你们这是‘一致性检查’啊！”（注：此处为谐音梗，实际并无此规定）
zh_0297	"綠營要政院釋對花蓮縣府「殺傷力消息」，結果王定宇聽到了，直接怒退群，還,"");
  說：""有沒有搞錯啊，這消息連縣長都還沒知道呢！"""
zh_0298	TVBS新聞網报道：本台记者不慎跌入猪圈，现在正和猪同乐，享受着“猪猪快点”般的待遇。
zh_0299	医生开的健康处方是：多吃蔬菜少吃肉，结果病人买了大葱和竹笋回来抱怨说医生不开玩笑啊 逗比医生。 逗比医生：健康更多>> 荤腥少吃>> 大葱和竹笋是素的啊 嘎嘎君。 病人：那我多吃点荤的不就健康更少了？ 嘎嘎君。 医生：那是 肉多<< 嘎嘎君。 病人：那我多吃素的不就健康更多了？ 嘎嘎君。 医生：那是
zh_0300	\n\n为什么专题讨论会总是最后一个结束？因为大家都舍不得离开那个专“题”不离口的家伙。
zh_0301	为什么心理健康月会选择在晚上举行？因为白天太“晒”心了，9月20日“樂光閃耀 FUN心漫步”活动可以帮助大家照亮内心的小角落哦~
zh_0302	泰国子公司去金山电借钱，结果被要求签了一份用中文写的合同，泰国子公司表示看不懂，金山电回答：没事，你只要在后面签字就可以了，前面的部分我们自己搞定。
zh_0303	王飞凌最近在研究美国政治，他说：“我发现美国的政治极化其实挺传统的，就是一边特别喜欢打鸟，另一边特别喜欢放鹰，但都不愿意自己动手捉虫子。”
zh_0304	更多...
zh_0305	聯絡我們？别找了，我们电话号码藏在迷宫里，只有找到出口才能联系我们，不然你就只能听到回音壁的声音了。
zh_0306	台湾有个地方叫Fokus，那里的人们都特别喜欢做决策，结果整个岛都被他们开会开成了迷宫，游客们进去就出不来了，只能大喊：“你们这是Fokus台湾还是迷宫台湾？”
zh_0307	中国有个规定，所有外国人进入中国都必须经过一个叫做“过关”的环节，然后就可以去中国旅游了。有一天，一个外国人来到中国，顺利过关后，他兴奋地对中国朋友说：“我终于过关了！”中国朋友愣了一下，然后回答道：“不，你才刚进来，真正的难关还在后面呢！”外国人一脸迷茫：“什么？还有更难的？”中国朋友笑着解释：“在中国，你还要学会怎么过‘关’才能真正融入这里。”外国人挠挠头，无奈地说：“那我是不是得先学会怎么‘吃老本’、怎么‘走后门
zh_0308	乌兹别克总统说：“买了22架波音飞机，我们还需要这么多吗？”川普回应：“放心，北京还要买500架呢！”乌兹别克总统疑惑：“那我们买这么多飞机给北京送过去吗？”川普笑而不语。
zh_0309	警方逮捕了一名67岁的男子，罪名是“刺耳”。据说这噪音纠纷导致一名31岁的越南女士悲愤至极，最终以刺死告终。法官： “你是否后悔没有选择报警？” 男子：“报了，但是他们说这是民事纠纷。”
zh_0310	花莲市长卓荣泰表示：“我会用诚意感动傅崐萁，但是我更想用这笔钱请所有人吃火锅！”
zh_0311	徐诗涵从小不服输，有一次国中篮球比赛中，她一直追着比自己高大很多的男生喊：“你跑快点啦！再慢我就要超越你了哦~”男生无奈地说：“可是我已经跑到篮下了。”徐诗涵一脸无辜：“那你就再跳高一点啦！”
zh_0312	在大津的禅风古寺里，游客们体验了一种特别的动感，他们先是缓缓地走进寺庙，然后突然被一群僧人用长棍子赶着跑，最后发现原来是在赶他们去做观音菩萨的日常按摩体验。大家都说：“原来动感体验不只是年轻人的专利啊！” 但是，有一位游客却表示：“我只想静静。” 结果他被要求弹奏琵琶湖的波浪声。从此，这位游客成了琵琶湖的“波浪大师”。
zh_0313	法官：本案之所以一再延期审理，是因为案情太简单，连被告都是灌面汤高手，原告也是个易呛之人，实在难以判断锅该归谁背。
zh_0314	高雄开挖工地纷纷停工，因为土方清运停摆，业界苦等调涨清运费，暂时缓解窘况。听说有个工地老板无奈地说：“宁愿自己消化成本，也不想看到员工失业，可是土方清运还是不来啊，这可怎么是好？”这时，一位工人拍拍他的肩膀说：“老板别急，我们再等等，说不定土方清运会变成‘土方省钱’呢！”
zh_0315	花莲地震后，重建家园，结果新建的房子竟然可以预报地震，每次有震感，房子就会说：“不好了，又要整建了！”
zh_0316	洛克·洛克·李（罗拔烈福的谐音）曾经是一位著名的演员，但是后来发现他对数字很敏感，于是他决定改行做会计师。有一天他在审计荷李活账目时，发现了一笔巨大的亏损，他果断地说：“这绝对不可能！账面上根本就没有这么多洞！”
zh_0317	张亚中在辩论时问柯P：“你的支持者是不是比垃圾还少？”柯P冷静回应：“至少我还不是蓝党的垃圾桶。”郑丽文在一旁笑称：“蓝白曾经是敌人，现在看起来更像是竞争对手啊！”
zh_0318	为什么和尚不喜欢玩扑克牌？因为里面有一张佛祖forgettable（忘却）了。
zh_0319	高雄的朋友们连夜包了300多个“吉拿富”（一种甜点）送给花莲的灾民，没想到灾民们纷纷表示：“我们这里不缺吉拿富，你们自己人手不够吗？”
zh_0320	拓荒者队想请熊猫来打篮球，结果熊猫说：我改行卖饭了，听说现在熊掌宴很流行。竞争买家：你这是误导消费者！
zh_0321	有一天，两岸决定去旅游，结果去了趟南极，变成了“冰岸”。
zh_0322	调令一下，全场静默，只有风知道谁成了新掌权者，因为风悄悄地说：“他现在连扇自己手掌都能发出雷鸣般的响声了。”
zh_0323	佩斯科夫通知记者：普京会出席G20峰会，只是他可能会躲在某国代表身后出现，以某种合适的方式引起注意。
zh_0324	"医生：你的病情有所好转，我给你开个新药试试。
患者：医生，那我之前的药呢？
医生：那个啊，他们公司亏损太大了，得先盈利了才能继续给你们供货。不过别担心，现在亏损已经收窄了，你再等等就好了。
患者：那我这淋巴瘤什么时候能好啊？
医生：嗯，你这病就像诺诚健华的股票，前景不错，但还得慢慢来。不过好消息是，已经有病人开始吃这个新药了！
患者：那我就等着和他们一起吃这个新药吧！"
zh_0325	酸汤牛肉本来就是开胃解腻的，现在加了百香果和凤梨，简直是打开了新世界的大门，吃了一顿饭感觉自己好像去了一场水果盛宴。
zh_0326	\n\n陈英雄拿着裁员之斧，左砍右砍都不想下手，最后只能对着镜子说：“你个兔崽子，又是你拖累了公司业绩！” 陈英雄对着镜子自嘲。
zh_0327	腾讯股价创新高，港股数据喜人，股市里的猴子终于跳出了猴年马月，终于可以考虑买房了，但是它买不起房，只好每天都去股票池里泡着。
zh_0328	飞机上禁止食用玩飞饼，因为这样容易导致飞机失重。
zh_0329	经济学教授和政治学教授在争论什么是真正的权力，经济学教授说：“真正的权力是金钱。”政治学教授反驳道：“不对，真正的权力是投票权。”这时，旁边的一位企业家插话道：“你们都错了，真正的权力是能同时拥有金钱和投票权的能力。” 两位教授异口同声地回答：“那我们叫他‘政经’！”
zh_0330	许光汉在越南吃米粉时，突然回头对粉丝们说：“你们等我一下，我去拿点水来。”结果粉丝们瞬间被电翻了，原来他随手一指的那根电线藏有“贴心机关”。
zh_0331	在波罗的海不吃海鲜？立陶宛人告诉你：我们这里烟熏出来的才是真美味！比如烟熏土豆泥，烟熏胡萝卜，甚至烟熏的……甜点！你们能想象吗？我们连甜点都烟熏得一丝不苟。 问：立陶宛的烟熏甜点是什么？答：烟熏焦糖布丁，因为太香了，差点熏着了整个立陶宛！（谐音：差不多了整个立陶宛）
zh_0332	国会山员工：我们是不是该汰旧换新了？领导：不用，我们只换“人”不换“岗位”，你们都留下吧，毕竟机器人都会失业的。
zh_0333	足球运动员在场上拼命奔跑，教练在场边疯狂指挥，观众在看台上大声加油。突然，一只乌龟慢吞吞地爬上了球场。
zh_0334	如果罗智强是候选人在攻击别人，那他是不是应该退选？但是这样一来，选举不就变成了“假罗智强”吗？哈哈。
zh_0335	超级公务员驾驶独轮车飞速前进，结果卡在了门槛上，旁边的同事说：“慢点慢点，别急着去巅峰。”
zh_0336	\n为什么兔子是焦点？因为它总是在 carrot（胡萝卜）和carrot（胡萝卜）之间犹豫不决，结果总是both ends burning（ both ends burning意为两头烧，比喻处于困境）。不过好在它属于那“最有魅力的5生肖”，所以即使犯错也能带领团队夺佳绩。 狗狗也是焦点啊，因为它走到哪都像在说“Give me treats！”（给我零食！），但其实它属于龙、蛇、马、羊和猴这“最有魅力的5生肖”，所以即使天天喊口号也能领导团队创造奇迹！（注：
zh_0337	抽签费用暴涨到10万美元，我赶紧去参加，结果发现只有一个人报名，他正在准备20万美元的支票...看来我又得继续攒钱了，至少得攒够两张H-1B签证的费用才能稳赢！
zh_0338	生态环境太好，动物们都不甘落后纷纷发展科技，结果兔子发明了汽车，现在兔子在路上飞驰，乌龟都被甩得看不见了。
zh_0339	徐榛蔚到殡仪馆慰问，结果碰到火灾，家属怒吼：你都没通知撤离，我怎么知道这里有危险？
zh_0340	有一只对冲基金，它每天早上都会去A股市场买股票，结果发现A股市场是一只会飞的鸟，结果对冲基金追了一整天，累得满头大汗，最后对冲基金无奈地说：“喂，股市哥，你飞快我买快，你飞慢我买慢，你别再飞了，我要休息了，我的仓位已经满了！”
zh_0341	\n\n陈景祥每天都会数自己有的钱，因为他相信“钱不是万能的，但是没钱万万不能”。有一天他数完钱后突然发现钱变多了，于是他兴奋地跑去银行存钱，结果发现是自己多数了一次。 陈景祥：“钱不是万能的，但是没钱万万不能，我现在要买个计算器了。”
zh_0342	\n\n0914-0920一週大事：\n\n这周发生了一件大事，0914和0920成为了好朋友，从此以后，他们再也不分开过夜了。 0914兴奋地对0920说：“从今以后，我们就是永不分离的好朋友啦！”0920则调皮地回答：“那我们就一起组个微信群吧，叫‘一夜好兄弟’！”\n\n0914尴尬地说：“呃……那个……咱们还是低调一点吧。”0920嘿嘿一笑：“放心放心，
zh_0343	\n中国生产的啤酒和特定钢材被认定倾销了，财政部决定征收反倾销税，税率高达51.94%。从此，中国的啤酒和钢材都变得“金贵”起来，朋友们聚会时都说：“今天请客的带瓶钢来！”大家都笑称这酒比钢还硬。 结尾一人说：“那我带个锤子！”全场大笑。
zh_0344	65岁还这么美，周思洁一定是重生了，那么她原来的那个身体去哪了？去找失踪的亿万富豪了~
zh_0345	法国总统在市里接到紧急电话，结果被告知：“联大场外破获瘫痪通讯犯罪，你现在的信号最弱。”川普：这信号，根本连屎都不如！
zh_0346	花莲县府派了一个“不懂事”的人去参加马太鞍堰塞湖中央地方会议，结果回来后被问到：“你知道堰塞湖是什么吗？”他回答：“知道啊，就是我走过去的时候左边是一片海，右边也是一片海。”
zh_0347	\n\n专栏作家每天都在纸上谈兵，结果有一天纸短兵长，他只好在专栏后面加了个省略号... 专栏作家在谈论军事历史时，突然接到编辑的电话：“你的专栏篇幅超了！” 专栏作家淡定回复：“那我就让子弹飞一会儿吧。” 专栏作家在写一篇关于战术的文章，但发现稿纸不够用了，于是他在文章结尾加上了“未完待续...”几个字。 当他意识到这可能是个无底洞时，他决定在下一篇文章中解释为什么。 专栏作家在讨论战争策略时，突然
zh_0348	国民党主席选举，候选人聚焦两议题，结果大家都关注的是谁能解决两岸的“距离问题”，谁能提供更好的“交流优惠券”。
zh_0349	轩辕（Ryu）对画师女友说：“你画的我，每次都像是要被毁了一样，分手吧。”女友表示不满，轩辕无奈：那我画你的时候，是不是每次都想把你毁了？ 画师女友：…… 对啊，那你画的时候能不能温柔点？ 轩辕：这可是我的艺术创作过程，我能温柔点吗？ 结局：两人决定继续恋爱，但轩辕在画画时必须戴上手套。
zh_0350	某天，死神敲响了一个人的门，那人说：“等一下，我正在享受我的良好死亡质量时间，别打扰我。”
zh_0351	\美使馆人员：好的，我们会遵守规矩不找那些乱港分子玩的。中方：那你们以后就只能和鸡玩了。
zh_0352	董事长把房产借给了儿孙们，结果儿孙们不还房子还起诉他，法院判决：董事长你赶紧滚！
zh_0353	瑞典爸爸给孩子打电话问托儿所发生了什么，接电话的老师说：“你们家孩子在操场上大闹天宫，把花坛都给掀了。”瑞典爸爸惊讶地说：“这不可能，他下午上课的时候还是好好的。”老师淡定地回答：“他是今天早上来的。”
zh_0354	\n为什么步步为赢的人总是穿新鞋？因为走到赢的那一步就会把鞋给走破了！ ^_^
zh_0355	\n\n有个男生为了追求女生，天天找机会和她谈情说性，终于有一天，女生忍不住问他：“你到底想怎么样？”男生回答：“我想和你做一辈子的朋友。” 女生疑惑：“这和谈情说性有关系吗？”男生答：“有啊，因为谈情说性就是要说到你心里面去！” 结尾：女生无语了。 谈情说性果然要说到心里面去，不过是要说到对方的心坎里，而不是心里。 男女朋友之间，真的不能随便谈情说性哦~ ^_^ 谈情说
zh_0356	萧贵妃高兴地回宫，结果发现皇帝给她准备了两个更衣室，一个全是高级定制的汉服，一个全是高级定制的旗袍，她陷入了选择困难症中。
zh_0357	懂西藏的人知道，林芝的秋天不只是美，还可以用来“熬藏药”，因为那叫一个“浓缩”！
zh_0358	医保局：小明，你的病纳入医保了，以后打针不用愁了。小明：谢谢叔叔！可是，这一针得等七年才能打上，因为之前已经用掉了。
zh_0359	踏上青云路，结果发现只是公司新出的电梯名字，同事：你上升的速度太快了，我都跟不上了。我：这是阳谋！
zh_0360	在济南神通寺举办的古麓山寺拓片展上，一位参观者问讲解员：“这里最古老的拓片是哪一件？”讲解员回答：“是那张显示神通寺和麓山寺几乎一模一样的拓片。”
zh_0361	国庆期间，小明的爸爸带他去郊外野餐，突然下起了大雨。爸爸安慰他说：“别怕，这只是国庆特供的‘人造雨’，吃完饭就可以出太阳了。”小明疑惑地问：“那要是我们吃完饭还没出太阳呢？”爸爸笑道：“那就再吃一顿呗，欢度国庆假期就是要吃得开心！”
zh_0362	文字对抗坦克，乌克兰等3国记者入围哈维尔人权奖。如果非要说坦克的优点，那就是它拥有一个非常负责的编辑部，每次都会仔细检查车轮是否错别字。
zh_0363	香港男星：哎呀，台湾都成这样了，我下次一定不再收假飞来台湾了，免得到时候只有台风樺加沙在肆虐我的心情。
zh_0364	黑天鵝基金经理人说：“美股可能再涨20%，之后雪崩80%。”客户问：“那我们现在应该怎么做？”基金经理人回答：“你们先飞上月球，我负责把美股从那儿接回来。”客户惊讶地说：“你确定自己不是黑天鵝？”基金经理人淡定回应：“我是黑天鵝，但我也有翅膀。”客户：“那你能飞吗？”基金经理人：“不能，但我至少比那些只会跌的股票看起来更壮观。”
zh_0365	香港新闻报道：港男娶了广东女，结果发现对方竟是同乡。
zh_0366	泰山之巅，狂风暴雨中，一位游客大呼：“这雨真是从天上倒下来的！”旁边排队的游客纷纷附和，却因为厕所太挤，没人能站起来转身。
zh_0367	\n为什么月餅放进冰箱会变得很好吃？因为它变成了“冰凍月餅”（冰冻月饼），而“冰凍月餅”听起来就像是“曹長雄”做的，大家都知道曹長雄做的月餅非常好吃！不过实际上，只要 thaw（解冻）一下，保证你也觉得好吃！（这里的“曹長雄”谐音“ thaw”，即解冻的意思）
zh_0368	房产经纪们梦寐以求的“金仲奖”颁发了，获奖者们兴奋地庆祝，突然一个人问道：“为什么我们的奖杯都是信义牌的？”其他人面面相觑，一位冷静的经纪人回答：“因为信义房屋有17个人获奖，所以奖杯都是他们的！”全场爆笑，气氛更加热烈。
zh_0369	"摄影师辛苦拍的照却被侵权，结果发现侵权者居然是自己的双胞胎兄弟误操作
兄弟俩同时拍了同一张照片，结果都被别人用了，于是他们决定对簿公堂，法官问：“你们怎么证明这不是巧合？”哥哥说：“我用的是他的相机。”弟弟答：“我用了他的指纹。”"
zh_0370	我每天只吃水煮菜减脂，结果脂肪肝找上了我，医生说，你这是伪健康，我原来以为水煮菜都是健康食品呢，原来还有热量陷阱啊，以后得注意了，不然脂肪肝可能变成脂肪手、脂肪脚！身体健康很重要，否则怎么有力气减肥呢？哈哈～ 2025/10/02 18:09
zh_0371	鼎泰丰新店开业，老板说：“今天来吃小笼包的朋友们，除了包子，我们还有茶有酒有惊喜哦！”一人：“那我直接去KTV好了，何必来吃包子？”
zh_0372	\n陈诗龙：半导体“人才荒”料加剧，我国必须建立稳健人才储备，否则程序员们可能会因为找不到合适的芯片来调试代码而崩溃大哭。
zh_0373	\n\n为什么《天骄》不敢跟天池比高？因为它一跳就下了新疆。 谢谢观看！ (^_^) 拜拜~ ^_^ 谢谢观看！ (^_^) 拜拜~ ^_^ 谢谢观看！ (^_^) 拜拜~ ^_^ 谢谢观看！ (^_^) 拜拜~ ^_^ 谢谢观看！ (^_^) 拜拜~ ^_^ 谢谢观看！ (^_^) 拜拜~ ^_^ 谢谢观看！ (^_^) �
zh_0374	"新疆人唱歌跑调
新疆人唱歌跑调，警察跑调了两公里才找到音源。"
zh_0375	在机场办理登机手续时，我拿出好市多会员卡准备证明身份，结果却被工作人员拒绝了。他说：“我们只认护照和身份证，你的会员卡太‘ Costco ’了。”
zh_0376	自驾巴士明年上线，乘客们兴奋极了，纷纷表示终于可以一边睡觉一边上班了。结果第二天醒来，发现只到了换乘点，原来车上还有个提示：“由于是无人驾驶，请务必在换乘站下车切换司机。”
zh_0377	"科学家：我们终于成功研制出中国紧凑型聚变能实验装置了！
仪器员：那太好了，这下我们做饭又有新燃料了！
科学家：这是实验装置，不是锅子。
仪器员：没事，让它先“坐”着，等它累了再起来做饭吧。"
zh_0378	"俄罗斯：这可是条致富之路，运费省了一大半。
中国：我们高兴的不仅是因为运费便宜，还有那顺滑如丝的冰面。
欧洲各国：我们要不要给这条路线起个名字，就叫“冰上笑语之路”？毕竟，谁让人家中俄两国一交流，船上的人就忍不住笑了呢。"
zh_0379	特朗普：“乌克兰现在有能力收复失地了？” 顾问：“是的总统先生。” 特朗普：“那我们为什么不让他们收复失去的土地，而是要给他们钱？” 顾问：“因为他们更喜欢用这些钱来购买美国的农产品和武器，而不是亲自去打仗。” 特朗普：“那他们不是更擅长花钱而不是打仗吗？我们是不是应该给他们更多的钱？” 顾问：“但是总统先生，那样做可能会让他们变得太富有，从而不再需要我们的帮助。” 特朗普：“好吧，但至少我们可以确保他们的钱花在了美国的产品上。” 顾问
zh_0380	为了勘测风险，警察出动了600架无人机制作3D高空地形图，结果发现自己的组织架构太复杂，三层组织架构分工竟然分不清东南西北。
zh_0381	哥伦比亚总统：不希望与美国外交破裂 但不屈服 哥伦比亚总统：“我不希望与美国外交破裂，但我也不屈服于他们的压力。” 翻译成西班牙语：“No quiero romper las relaciones diplomáticas con Estados Unidos, pero tampoco me doy por vencido.” 意思是：“No quiero romper las relaciones diplomáticas con Estados Unidos, pero tampoco me doy por vencido.” 美国大使：“那您能给我们翻译一下吗？” 哥伦比亚总统：“No me das la mano, pero tampoco me
zh_0382	超市里，一位日本同事惊讶地问：“台湾怎么没小偷啊？”我回答：“他们都在柜员机排队抢钱呢！”
zh_0383	顶新和德力赞助女子棒球队，结果球队开心地接下了“七连霸”的接力棒，回家后发现忘记带棒球了。
zh_0384	\n\n海关查出进口酒甲醇含量超标，结果全部变成了机器人喝酒，结果他们都变成了人。
zh_0385	教育杂志上说：研究表明看教育杂志可以提高智商。于是我天天看，现在终于通过了智商测试。但我还是觉得自己比以前笨了点。
zh_0386	泰式柠檬辣鱼汤这么好吃，难怪鱼都被吃成了光杆司令，现在只能靠岸边的柠檬和辣椒来吸引雌鱼了。
zh_0387	指导员教村民创业：“首先你们要有自己的‘鸡’（鸡），然后注册个‘蛋’（站）点，再搞个‘鸭’（霞）光满天的计划，最后你们就是当地的‘鹅’（糕）了！”村民们纷纷表示：“我们真的会飞！”
zh_0388	新疆领导人在开会时说：“我们要完整准确全面贯彻新时代党的治疆方略，努力建设团结和谐、繁荣富裕、文明进步、安居乐业、生态良好的社会主义现代化新疆。”一位同事疑惑地问：“领导，什么叫‘生态良好’？”领导答道：“就是领导讲话时，鸟儿们都知道飞到窗外去听。”
zh_0389	阿里巴巴的AI模型问全球数据中心：“你们为什么那么大？” 数据中心：“我们需要存储你的所有宝藏，包括四十大盗的信息。”
zh_0390	某只巨大在接受美国CBP检查时，被要求暂时扣留，它淡定回应：“别担心，我最近正好有个扩大体型的会议要参加。”
zh_0391	查理以为自己怀孕了，其实只是吃错了东西。结果医生说：“恭喜你，你中奖了，吃了错的东西还能活下来！” 但是查理心里默念：“早产别来凑热闹。”笑死我了，查理你没事吧... 早产是个啥鬼
zh_0392	政府决定拆掉公馆圆环和填平地下道，结果变成了“政府愚环”和“地下道填坑”，真是愚公移山般的操作。
zh_0393	"香港饭店老板：为什么日本海啸要攻击我们？
樺加沙巨浪：我只是来看看，你们的玻璃这么脆，以后要小心点哦，不然我再来的时候，你们可能都变成气泡了！"
zh_0394	有一家餐厅推出新活动，只要能找出厨房里的“锁定装置”，就能免费吃到大餐，结果很多顾客都被锁在了餐厅里……超过16人因此怒提告。
zh_0395	補充一下背景：賴 PRESIDENT 在峰會上說：「我非常重視外交、國防和經濟，這 THREE THINGS 非常重要！」現場立刻響起掌声，只有-One Piece 成員愣住了，因為他以為賴 PRESIDENT 要說 THREE PIECES 曲奇。
zh_0396	因为存储系统崩了，所以这些公务员的请假条都找不到了，现在领导都在怀疑，这20%的员工其实从未真正上班过...（注：20%的数据丢失，故推测20%的人可能从未上班）
zh_0397	马太鞍溪突然发现一个巨大的大理岩巨礫，结果它被网友调侃：你怎么从堰塞湖里挖出一块大理岩巨礫？我就是个监测员，主要任务就是盯着湖不让人掉进去。
zh_0398	"股民：哎呀，港股又被风吹得跌了不少。
朋友：那你赶紧卖股票避避风头吧。
股民：不了，陈茂波说了市场运作畅顺，这风肯定一会就停！"
zh_0399	中国：我们是ponge city（音译） 巴基斯坦：你们能吸收这么多水吗？
zh_0400	花莲堰塞湖听说引发了政治争议，结果湖水一溢流，就把那些爱争论不休的政客都淹没了，现在湖里全是政见浮标。
zh_0401	总理重申“我们为先”理念 吁共建更团结社会：总理说：“我们要先为大家做好服务，然后才是为自己考虑。”大臣插话：“可是总理，如果我们连自己都照顾不好，怎么为大家服务呢？”总理回答：“所以，我们先为自己准备一顿丰盛的早餐，然后再为大家准备！”
zh_0402	许瑞奇穿着五寸高跟鞋减肥，结果每走一步都感觉像是踩在了减肥的“五厘米”上，累得他直呼：“美到很累，瘦不到飞起！”
zh_0403	银行职员：对不起先生，您的钱被取走了。消费者：为什么给我诈骗的通知短信？银行职员：那条是提醒您别再上当受骗的。
zh_0404	精進除名上诉，批屋宇署欠解释，称3工友死亡只有1被署方提控，无证据有管理漏洞。法庭上，律师问：“为什么只控告一个工人？”署方答：“因为只有他是嫌疑人。”律师疑惑：“那另外两个呢？”署方尴尬回答：“他们只是路过。”律师拍案而起：“那你们是不是应该解释一下，为什么没有指控精進公司？”署方哑口无言。
zh_0405	花莲佛祖街严重淹水，女童被安置在最高的地方获救，而她姑姑和姑丈因为去找 lower ground 的藏经阁，至今下落不明。
zh_0406	由于没有iPhone 17这款产品，所以可以幽默地说：iPhone 17一上市，消费者们就遇到了前所未有的难题——他们的手机要么是全新的，因为被包装得严严实实；要么是刮痕满天飞，因为人们都在忙着给它贴膜！更有趣的是，就连一向高人气的智能手机都开始羡慕iPhone 17了，因为它成功地成为了唯一需要额外保护的手机！
zh_0407	\n\n皇帝颁布了一道旨意：全国所有官员都要学习《孙子兵法》。大臣们面面相觑，心想这跟权道有什么关系？于是他们集体上书请求改为学习《聊斋志异》，皇帝欣然同意。从此，大臣们再也不用担心被下属玩弄于股掌之间了，因为他们个个成了蒲松龄的专家。但是，真正的问题是，他们现在只会讲鬼故事来吓唬下属了。有一天，一个下属迟到了，一位大臣故作神秘地说：“蒲松龄说，鬼在后门等你呢！”下属
zh_0408	爷爷参加了一次选人活动，结果发现大家都选他年轻时的照片，原来他自己都选不上了，这次的告别式真是空前绝后。
zh_0409	女生们去旅游，导游说今天每人要爬一座山，男生都兴奋地去排队了，女生们却在讨论谁背谁的包更合适。
zh_0410	李多慧在捐款后变成了铲子超人，他飞到灾区说：“别怕，看到没，我身上还有paralleled线呢！”
zh_0411	德国慕尼黑啤酒节盛大开幕，万人空巷去喝啤酒，结果只剩下 organizing 原地 organizing 活动了...（注：德国有个啤酒节叫 Oktoberfest，其中 Oktober 是德文 October 的缩写，而 Organizing 在英语中有“组织”的意思，在这里利用了双关）
zh_0412	南极人门店卖保暖内衣，制冷裤却无人问津，顾客：这竞争力未免也太“超级”了吧！
zh_0413	台灣經濟像堰塞湖，水越蓄越多，韓國議員見狀大喊：“總理，你們不放水嗎？”結果台灣直接開門放水了，結果……受災人數暴增！
zh_0414	中国实行K字签证新政，要求所有申请人都要提交一段视频，只见一人拿着K罐啤酒边跳边说：“K国签证，说走就走！”审查人员：这个通过！旁边人：这是哪个舞蹈？审查人员：K国签证，说走就走！
zh_0415	如何让家里充满正能量？每天对着镜子说“今天是个好日子”，然后问自己：“你知道为什么吗？”答案是：“因为今天是我在家的日子！” ^_^
zh_0416	六岁哥哥为了给弟弟看医生，一路小跑寻找诊所，结果自己跑到了邮局，工作人员询问：“小朋友，你是来寄感冒的吗？”
zh_0417	公家停车位免费开放，游客慕名而来：结果停满了公车，小车只能在旁边围观，警察叔叔过来劝导：“你们不是慕名而来的吗？怎么还不走啊？”
zh_0418	天御为了卖这座大宅子，规定每月管理费4.8万就是帮你免费打扫卫生，结果买家还是犹豫不决，最后说：“你们能不能把成交期延长到明年夏天？我等夏天过去再看看天气怎么样决定买不买。”天御表示可以，但强调：“这可是你最后一次机会了，过了夏天，你就只能等冬天啦！”
zh_0419	进球后脱衣庆祝吃红卡 红军埃基蒂克：这叫激情；球迷：你这是愚蠢！
zh_0420	台東县救灾团队去马太鞍溪堰塞湖救灾，回来后饶县长大赞：“你们真是辛苦了，这次救援让我学到了一个新词——‘溢流’，以后我泡面的时候也可以这么形容汤太多啦！”
zh_0421	有一颗俄罗斯的防空弹去莫斯科玩，结果不小心自己飞进了民宅，乌军得知后，派出战机去炸俄罗斯军楼，结果把防空弹都吓到了，连忙说：“你们这是要干嘛啊，我只是来旅游的！”
zh_0422	郝龙斌说九二共识不是一国两制，郑丽文回答说那你们蓝党是不是也属于中国？不是一国两制的话，那你们是不是独立国家？郝龙斌：我们是蓝色的独立国家！全场爆笑。 蓝党的魁首郝龙斌在辩论中表示“九二共识并非一国两制”，郑丽文机智回应：“那你们蓝党是不是也属于中国呢？如果不是一国两制，那你们是不是独立国家？”郝龙斌愣了一下，随即回答：“我们是蓝色的独立国家！”全场爆笑。
zh_0423	医生：如果我轻率地开了抗抑郁药，我的百万网红朋友会说：“病人别吃啊，我还没收你代言费呢！”
zh_0424	因为政府停摆，所以员工们对老板说：我们今天就休息一天吧，不然工资都没了！
zh_0425	冲浪比赛在屏东佳乐水举行，结果所有的选手都冲到了台湾海峡，因为那里波涛汹涌最“亚洲”了。
zh_0426	女士在超市休息时，突然听到有人喊：“老板，给我来两把刀！”她以为是优惠活动，结果遇到了持刀男……医生：主要伤在手臂和后背，应该是被刀叉到了！
zh_0427	导演说：“这次我们用从《96分钟》中学到的好莱坞技术来拍摄。”摄影师回应：“但剧本还是那个节奏吗？”导演：“还是96分钟。”摄影师无奈：“那我只能祈祷我们的演员不要在镜头前睡着了。”
zh_0428	被问及为何花莲地震救援不力，傅崐萁淡定回应：我只负责不说话，救灾是别人的事情，你们都来看我做什么，台中都没事，花莲就别来凑热闹了。大家都聚集在这里，我成了甩锅王，但我真的什么锅都不甩。
zh_0429	日产的Sentra改款后变成了房子？不行，得加点幽默： Nissan 的 Sentra 不 only 变大了，还学会了开party，现在它不仅是个车，还是个移动的派对房呢！但是记住，喝酒不开车，开车不喝酒哦~ 😄🚗🎉 Drinks for the party, not for driving! 🙅‍♂️🚗🍺
zh_0430	寿司郎在屏东开了一家店，可是生意一直不好，直到他发现了一个秘密：原来顾客买完寿司后都会把寿司扔掉，然后去环球购物中购买回饋商品再回来换新寿司吃！寿司郎开心地说：“这样买”真的很好！我们满额回饋最高嘛！ 于是寿司郎决定参加周年庆，目标是拼出10%的成长...只要不再有人买他的寿司扔掉再去环球购物中心就可以了。 但没想到，屏东人民太聪明了，他们直接开始自制寿司，
zh_0431	中国人保的股票涨了17.8%，比它的净利润增长还快，难道是因为它的股价已经跌到负数了吗？
zh_0432	父亲藏起来的那封信其实是遗嘱，结果兄弟俩为了400万遗产闹得不可开交，最后发现信的内容是：“别撕掉这张纸，它的价值只有2毛。”
zh_0433	中央规定领导不能吃得太快，于是领导们吃饭时都变成了慢慢嚼，结果吃了一顿饭用了三个小时，最后大家都变成了慢郎中。
zh_0434	国民党：我们不是在造谣，我们在进行紧急辟谣！结果，民众：你们这是在救灾还是在传谣？国民党：这……这俩都算吧，但我们主要是想让大家保持冷静！结果，天空：快来看，地震了！国民党：这不是地震，是谣言引起的地动山摇！民众：那赶紧造个更大的谣言镇镇场！国民党：好主意！结果，谣言：我们是谣言界的王者！ 国民党：这下完了，我们不仅被打脸，还成了传说。
zh_0435	别克至境L7终于上市了，车主开心地说：“终于可以开着车去兜风，而不是一直停在‘至境’里！”
zh_0436	河南杂技人告白祖国时，突然头顶的120斤板凳掉了下来，结果舞动的巨龙变成了“面条”。
zh_0437	\n\n中芯国际的股价涨到这么高，连芯片都开始涨价了，老板说：“以后你们工资都用芯片发！”员工们瞬间集体离职去创业做芯片。
zh_0438	堰塞湖说：“我都没作声，水都怪谁？”花莲县府：“那……这场面，是不是太水了？”堰塞湖：“不是我作的，是你不作为！”花莲县府：“那我犯了什么罪？”堰塞湖：“你犯了‘淹死人不偿命’的罪！”
zh_0439	蒙曼教授讲《凉州词》，大家都认真听，只有王翰在喝啤酒，结果蒙曼一转身，王翰赶紧把啤酒瓶塞进袖子里，变成了袖剑！
zh_0440	iTunes脑内失控，音乐随机播放，我正在做饭，突然听到“你是我的小呀小苹果～～～你是不是弄错了？”
zh_0441	10个男生和2个女生组队穿越景区，结果只有一个人回来了，记者问：“为什么只有你一个人回来？” 男子回答：“报告队长，我遇到了时空隧道，穿越到了24年以后。” 队友们：“……那你看到我们了吗？” 男子：“看到了，但是他们都不认识我。” 队友们：“那你怎么不跟他们一起走？” 男子：“他们都在讨论要给孩子报名编程班，我觉得自己都已经24了，再回去读书太尴尬了。” 队友们：“……” 队友们：“那你为什么不直接告诉我们，这样我们可以一起
zh_0442	在台湾，他们用“フォーカス”（Focus）来命名一款车，结果所有人都在讨论这车到底有没有焦点...
zh_0443	中医给小明推拿，推着推着就把他推成流感病毒了。
zh_0444	董璇的女儿叫“小酒窝”，那么是不是意味着她自己不能唱《小酒窝》，否则就会尴尬到没地方放“小酒窝”了呢？
zh_0445	民营船王：我用33亿撬动了695亿的船，这效率，简直比我的船还快！杉杉先生：这是船王还是挖矿王？
zh_0446	退伍军人飞踹男子后默默离开，留下被打男子一脸茫然地对周围人说：“你咋不飞踹她呢？”
zh_0447	福建舰用电磁弹射给了美国一个大大的惊喜，美国表示：我们震惊得连回复短信都发送失败了。
zh_0448	台積電宣布：「我們決定把2奈米涨价50%，因為eggies都漲價了，我們的定價始終策略導向！」於是客戶說：「那我們就買 Vaults吧，至少還可以存東西！」
zh_0449	医生说多吃蔬菜水果有益健康，病人却说那我吃屎不就更健康了吗？医生：你这是啥逻辑啊，蔬菜水果是有营养的，屎是身体排除的废物，不能乱吃。病人：哦，那我以后吃苹果就好，至少还有个出口。 为什么苹果是个聪明的选择，因为它有“出口”，而我们不需要像对待粪便那样对待它！不过记得，还是按照医生的建议，适量食用新鲜蔬菜和水果哦~😄🍎💪
zh_0450	明報文化館有一面镜子，每天早上都会对工作人员说：“明报的版面设计真糟糕，连我都分不清左右。”工作人员却回答：“别担心，你也不是每天都来报道新闻的。”
zh_0451	影楼老板：你看看这张照片，拍得真好！顾客：哪里好？影楼老板：就是这张脸啊，这么自然，这么有神采。顾客：我的脸本来就这样。影楼老板：那是因为你平时没好好保养，我这有美容秘籍，用了保证让你的脸每天都这么有神采。顾客：真的假的？给看看。影楼老板：这是我们的独家秘方，不能外传哦。顾客：那我就先拍张照片留作纪念吧。影楼老板：哈哈，这个想法不错，拍完照我再给你秘方。
zh_0452	高雄旗津有人中了威力彩头奖，直接把彩票店给抱走了。
zh_0453	宋伊人和王鹤棣在剧中设局，结果于朦胧惨遭玩弄，最后悲惨死亡。宋伊人真是设局高手啊，连宋伊人都玩不动的人，我还能怎么办呢？（纯属娱乐，剧情虚构）
zh_0454	亚洲周刊：我最近在研究如何让我们的报纸变得更薄，这样读者就可以一口气读完。结果我发现，只要用中文写，无论多少页，他们似乎都能耐心看完。
zh_0455	桦树和沙子在一起开 party，结果桦树说：“我逆风而行，你负责沙尘暴吧！”沙子表示：“OK！” 结果 party 结束后，现场一片狼藉，满地都是散落的树叶和沙子，还有个牌子写着：“桦加沙·派对现场”。
zh_0456	咸鱼天天吃容易得鼻咽癌所以别当咸鱼哦~(doge)
zh_0457	中华队在打击练习时用了油漆球，所以对香港队投了11个安打，香港队全队被扣倒。
zh_0458	CoreWeave和Meta签约了142亿美元的协议，结果Meta把钱都用来买了一堆咖啡机，因为他们相信“third options”（第三方）才是王道。CoreWeave：你们这是在搞什么鬼？Meta：我们在投资未来啊，CoreWeave，毕竟AI需要喝很多咖啡来思考！
zh_0459	长江汉江水混在一起无法区分结果却在两江交汇处出现了清晰的分界线，看来真是“你中有我我中有你”不清不楚啊！不过这不就是最好的证明嘛，武汉人都清楚，武汉就是“泾渭”不清！
zh_0460	"FED主席鮑爾在講話中隱藏了降息的具體數量，美財長貝森特如同一個期待著甜點數量卻被 }},
鮑爾只給了她一個模糊的範圍，結果貝森特像個小孩一樣開著電腦搜尋「約莫四到六碼甜點」，最後發現只有一家烘焙店有售。"
zh_0461	在一家马国老店里，一位顾客看中了一款过时的留声机，店主热情地介绍道：“这款留声机虽然已经过时了，但它的摩登之处在于，它能播放最新的流行歌曲，只是这些歌曲都是黑胶唱片上的经典老歌。”顾客愣住了，然后笑着说：“那我得赶紧买个黑胶唱片机来配它！”店主点头赞同：“对，还得配个复古耳机，这样才能完全沉浸在这份别样的摩登和旧时光中。”两人相视一笑，仿佛穿越回了那个充满怀旧气息的时代。
zh_0462	北北桃YouBike大當機，蒋万安赶紧出来解决问题，结果发现责任在于一棵桃树，因为它挡住了维修车的路。蒋万安：对这棵桃树从速从重开罚！
zh_0463	中慧生物股价飙升，投资者纷纷涌入药店购买“中慧生物”牌止泻药。
zh_0464	医生让你带够一周的药出国，你却只带了两天的，还放在了违禁品里。机场安检人员：这位旅客，你的药品不在允许携带的范围内哦。你：那我该怎么办？安检人员：按照规定，你需要选择服用或者放弃。你：好的，那我选择...服用。安检人员：等等，你确定你带的是药品吗？你：当然，我可是医生呢！安检人员：那好吧，不过请你记住，以后可别把违禁品当药品带了，否则后果自负哦。你：放心吧，我下次一定会仔细
zh_0465	对手每天都练功练到腰酸背痛，终于有一天他忍不住了，跑去问师傅：“师傅，为什么我要天天这么辛苦？”师傅叹了口气说：“因为你的对手每天都在偷懒啊！”对手：“那我要不要也去偷懒？”师傅：“那他就不是你的对手了。”对手：“那我还是继续努力吧！”师傅：“这才是好样的！”对手：“那我先去练功了，拜拜！”师傅：“等等，你还没回答我的问题，你的对手到底是谁？”对手：“哦，对了，我的对手是那个每天都在偷懒的人。”师傅：“那你刚才干嘛还要和
zh_0466	法国马克龙：如果川普想获得诺贝尔和平奖，他需要先让萨拉热窝停战，而不是 building 国家。美国国务院发言人：我们支持巴林建国，但这与诺贝尔奖毫无关系。总统：那我直接让川普去萨拉热窝谈判吧，应该能拿到和平奖！
zh_0467	优才书院的学生代表香港参加创业奥林匹克，结果被奥林匹克的裁判批评说：“你们的产品为什么没有考虑到熊的需求？”学生们一脸懵逼：熊能用手机下单吗？熊会用电脑上网吗？看来以后不仅要考虑市场需求，还得了解熊的网络使用习惯！ 于是他们开发了一款熊可以用的产品，结果熊却说：“我为什么要用你们的产品，我有更好的选择！”学生们无语了：原来熊有自己的社交软件和支付方式，我们这是多此开发啊！最后他们决定开发一款产品，既能满足人类需求又能解决熊的问题，结果发现只需要做一个普通的APP
zh_0468	花莲的堰塞湖听说最近开了个茶会，结果因为容量有限，受災人数持续增加～～～（虽然这只是一个自然灾害，但为了娱乐可以开玩笑说湖在社交）
zh_0469	国光疫苗说：“我在国货精品店卖，高端大气上档次；进口疫苗厂家说：我在专柜卖，高端大气上档次还是次要的，关键是保护力更强！”流感疫苗听了： “那我呢？” 国光和进口疫苗厂家异口同声：“你适合所有人群，保护力一般般。” 流感疫苗泪目：原来我只是个备选！
zh_0470	在印尼万隆火山湖边开Party，大家纷纷赞叹：“这烟气氤氲的仙境般景色，简直美炸了！”只有一个人淡定地说：“我闻到了烤肉的味道……”
zh_0471	桂林红人季，主播们齐聚一堂，山水间共绘直播新篇。这时，一位主播不小心把脚踩进了漓江里，旁边的同事连忙安慰他：“别担心，这里是2025年的桂林，江水已经净化得可以喝了。”
zh_0472	刘冠廷遇到杨铭威这个天敌，简直受不了，频频求制作人：“求求你了，换个人吧，他真的太烦了。”结果制作人回应：“不行，他是真爱线。”刘冠廷无奈表示：“那我就天天烦吧。”
zh_0473	\n\n首页是个啥地方，那是你的网络生活开始的地方，如果你不小心按错了键，可能会直接跳到“关于我们错误”的页面。
zh_0474	因为违规使用停赛球员，南非男足被扣除世预赛积分，从此他们只能在友谊赛中用真正的“十一人”阵容出场。
zh_0475	河锡辰说：“还有啥不会？”朋友疑惑地看着他。河锡辰笑着说：“百米跑，但我得等我的韩剧鲜肉朋友们。”然后他跑出去了，结果只带回了一个12秒的记录和一帮惊讶的记者。
zh_0476	蓝衣男深夜跟踪女子，结果鬼鬼祟祟走到一半，突然看到门口贴着一张纸条，上面写着：“蓝衣人请注意，本小区已安装监控摄像头，您的‘诡异笑容’已被全程记录。”蓝衣男尴尬地笑了笑，转身发现后面真的有几个人影在晃动……于是他掉头就跑，边跑边大喊：“快看！他又回来了！”
zh_0477	当年他只是小镇上的公务员，每天的工作就是数青苔。二十年后，他成了省长，手下有一万三千多名员工，每天的工作依然是数青苔，只不过单位换成了平方公里。
zh_0478	金家的继承人为了争夺家族企业，偷偷在《创世纪》中设下伏笔，在《金式森林》中埋下陷阱，结果被吃瓜群众发现，留言：“你们这是在玩什么游戏啊，我们只是想看看创世纪和金式森林有什么区别。”
zh_0479	在蓝党魁辩论中，郑丽文担忧地说：“2028年前，北京一定会动手，台湾会变成第二个乌克兰。”这时，一位辩论对手插话道：“别担心，我们只需要变成第一个台湾。”全场爆笑。
zh_0480	樺樹被台风吹得东倒西歪，没想到王心凌悄悄捐了百万，现在樺树终于可以安心做“心凌树”了～（注：心凌树是指王心凌喜欢的樺树）
zh_0481	少校利用小额采购勾结亲族牟利，结果被要求做大量罚站军训，他怒问：“这不是小额采购吗？”
zh_0482	"老板：今天上新菜了！叫“美食”。
顾客：那我点一份，吃完了再还你一份。  （默默夹了一块肥肉）. 。 ·"
zh_0483	大楼公共设施：你以为很废，用了才知道每周周末都想再去一次，而且不能回头！
zh_0484	为什么漫画里的角色永远不渴？因为漫画里有“饮水机”！（注：实际上漫画中常出现“饮水机”是用来表示角色休息时间的符号，而非真正的饮水机）
zh_0485	为什么延寿账本不能用来炒股？因为里面全是健康码和医保卡，连个股票代码都没有！
zh_0486	老师说：“你们每个人都要多读书，增长知识。”小明说：“那我多读一本书，你多赚一元钱？” 老师无语ing... 教育更多>>
zh_0487	超市 checkout 时，那个连大人小孩都不放过的苗栗男，原来他在玩一款砍杀游戏，结果不小心按错了键，就把大家叫到 checkout 了，大家都只能尖叫奔逃，因为他还以为是要付款呢！
zh_0488	中华队打棒球时，一开始就对香港队说：“这次我们不玩温柔的，直接来个‘全垒打’！”结果香港队完全接不住这波攻势，7分大局后直接宣布投降，比赛结束比分11:0，中华队顺利晋级复赛。
zh_0489	娱乐界的规定是：不准同时做两件以上的事情。所以小沈阳就不能同时 both sings and dances, 他一唱歌就只能 stand there like a tree. （注：both sings and dances 指的是一边唱歌一边跳舞；stand there like a tree 指的是站在那儿像棵树一样，因为“树”和“沈阳”在中文发音上相近。）
zh_0490	有一天，甲乙两人在交流站相遇，甲说：“我刚从火星来。” 乙说：“我刚从木星来。” 甲乙相视一笑，发现彼此都在玩手机。
zh_0491	"婆婆：这个黄金项链是给大姑的新婚礼物？
儿媳：当然不是，这是给我自己的防身用的，谁让你们家大姑夫这么凶！婆婆：......原来是为了保护自己啊，那我下次送个防狼喷雾给你！儿媳：哈哈，那就更保险了，不过您还是留着自用吧，我可不想成为测试品。婆婆：.....看来我是笑死了，笑死在幸福之中。 人妻：那是因为你不懂真正的幸福，真正的幸福是不需要防狼喷雾的。 于是婆婆无语了。"
zh_0492	政府开了个紧急会议，许美华突然插话：“我真的觉得这是一个政治照妖镜。”然后，所有人都沉默了，因为他们都被淹没了。
zh_0493	坦迪·姆瓦佩：亚细安领导力增强如何助力东南亚应对灾害？当坦迪·姆瓦佩被问及如何在洪水中保持领导力时，他回答：“我穿上我的防水皮鞋，然后告诉他们，只要跟紧我，我们就能游过去。”
zh_0494	店家留座位怕客人少没人坐，结果客人多了还嫌挤，消保官说：那你们可以多加几张凳子啊，或者让客人站着也行啊。店家哭笑不得：可是这样我们就要亏本了！
zh_0495	博罗台风遇到三台风共舞，突然就来了一句：“你们跳你们的Hip-hop，我跳我的芭蕾！”然后优雅地划过台湾上空，留下了“博罗依”的名字和一条漂亮的路径。
zh_0496	有一天，林暉盛接到一个神奇的彩带，只要一指就能投出完美的球。结果，他在比赛中投出了36年来史上第一次的完美比赛，带领队伍封王。赛后，有个兄弟问他：“你怎么那么厉害？”林暉盛得意地说：“这只彩带可是写了壮举的哦，不扔白不扔！”兄弟一听，二话不说扔出彩带，瞬间变成“林暉扔”。
zh_0497	羊城派更多>>：原来广州人吃饭都要组团儿，一大群人才算一顿！
zh_0498	被特朗普定性的这个美国恐怖组织，成员都是一些不按时缴纳物业费的业主，他们相信“逾期就是力量”的信仰。
zh_0499	在2025建築園冶獎頒獎現場，主持人問獲獎者們為何選擇台中，一位得獎建築師回答：「因為這裡有『特別獎』這個『獎』勵！」
zh_0500	"哈马斯代表 ));
哈马斯代表接到通知，20点计划并非全盘接受，而是有条件接受。于是哈马斯代表提出：我只能在10点的情况下接受，其他点我都不感兴趣。"
zh_0501	李纯和马頔喜结连理，朋友问新郎官：“你们啥时候结婚的？”李纯：“2025-10-02”，马頔：“别问我，问她！”
zh_0502	黃僑偉打造的《浪漫劍客葉不凡》布袋戲，觀眾不僅能看劍客比武，還能偷偷拿走場邊的布偶當紀念，誰知劍客葉不凡轉身就變身「找失物義警」，追著小偷跑滿場！
zh_0503	明周娛樂：明星們週週都要做體能測驗，結果-only时间在增加！
zh_0504	台风过后发现，原来死亡人数只需要14人，剩下都是重复地址的邻居......
zh_0505	中山锚定百千万工程发展目标，构建文商旅融合新范式，结果文化、商业和旅游都只吸引了大量的锚碇工人来加固中山的港口。
zh_0506	\n为什么“更多”总是跟着别人后面喊“更多”？ 因为它觉得自己总是比别人少！
zh_0507	六大候选人辩论时，其中一人突然说：“我支持时间旅行！”全场沉默了几秒，然后都纷纷表示：“好啊，那你先给我们讲讲2049年的台湾是什么样的？”他回答：“那个...我没带2049年的地图。”
zh_0508	2025年的9月号杂志居然还有纸质版？难道里面装满了电池和太阳能板？
zh_0509	台灣隊在亞錦賽對阵南韓時， SOUTH-KOREA 突然发现：我们为什么总是输给他们？原来，我们是假的南韓队！
zh_0510	ADHD儿童接受治疗时，医生说：“我们不能用一样的尺子衡量每一个大脑。”儿童反驳：“那你们用什么形状的尺子？”医生回答：“我们用‘个性化’的尺子，因为它有无数个洞！”儿童无奈地说：“可是我连尺子都找不到，因为我是个ADHD儿童！”医生笑着说：“没关系，我们去找一个会飞的尺子，这样你的注意力就不会分散了。”儿童兴奋地说：“好主意！不过它会不会飞得太快，我跟不上？”医生回答：“放心，我们会给它装上GPS，这样你就可以一直跟踪它！”儿童惊讶地说：“
zh_0511	中国股市突传重磅消息：这次终于要涨了，结果却是“重量级新股又要上市了”。大家纷纷感叹：原来重磅是新股的分量，不是股价！
zh_0512	消防员：“喂，老张，你快抱起那个老人家，我们要去支援花莲了！” 老张：“可是我刚刚才把你救上岸，现在又要抱你去灾区？” 消防员：“那是之前的任务，这次是空勤和海巡一起来的，你不用这么累吧！” 老张无奈地叹了口气：“好吧，那这次你要抱谁呢？” 消息传回屏东消防局：“报告，我们已经救了62个老张了。” 于是，消防员大喊：“老张，快来救我们！” 结果，
zh_0513	停車場：16個國定古蹟的免費停車服務，但請勿長期占用，我們也要讀書寫作。
zh_0514	郑秀文住院是因为过度使用某部位导致两处撕裂，出院后走路都需要拄拐杖，坐轮椅。医生警告她以后真的要注意，否则可能会变成永久残疾。从此郑秀文每次唱歌前都会进行热身运动，并且在演唱会上放置了多个休息区，以防再次受伤。有一次她在演唱会上突然停下来，捂着某部位说：“哎呀，这次是不是又用过头了？”台下的粉丝们瞬间安静下来，都为她捏了一把汗。只见郑秀文缓缓走向休息区，大家这才松了一口气。没想到，她刚坐下就兴奋
zh_0515	丰田跨界卖起了水果，名字叫做“油电橙”，宣称喝一杯可以跑26.3公里！
zh_0516	"市长：为什么你们抓小偷这么慢？
警察A：我们在用传统的抓捕方式。
市长：那你们呢？
警察B：我们用的是高科技设备。 
市长疑惑：那为什么抓小偷还是这么慢？
警察B：因为我们还在找电源插座。"
zh_0517	为了鼓励更多老年人使用敬老卡，明年的敬老卡额度提升到了600点，据说可以用来支付挂号费和运动中心的费用，有老人兴奋地说：“终于可以用敬老卡打羽毛球了！”
zh_0518	蔡瑞雪庆祝生日时发了一组辣照，直言：“我已经分手了，现在拥有一颗自由和平静的心。”结果朋友们在下面留言：“那你可以开始养猫了，自由和平静的心正好陪它一起喵~” 蔡瑞雪回复：“别闹了，我可是猫奴一枚，自由和平静的心早就被我家小猫占去了！”
zh_0519	\n为什么刘思明总是能准确地找到隐藏的物品？因为他有“刘思明定位系统”。
zh_0520	\n\n面试官：为什么应聘我们公司？\n求职者：因为贵公司像一座灯塔，指引我找到了工作的方向。\n面试官：那你能为我们做什么？\n求职者：我能为您照亮前方的路，找到更多的优秀人才。 而且我还能在晚上加班时当台灯用！\n面试官：......这个比喻有点超出范围了吧。 请问你有相关的工作经验吗？\n求职者：有过，我在 previous company 工作时，经常被当作额外的台灯使用。 没想到现在这个技能还可以成为求职亮点
zh_0521	\n为什么汽车永远不会觉得自己饿？因为它有“油”不够的话就加油！（注：“油”在这里是“汽油”的谐音，同时也有“有的”的意思）
zh_0522	日本规模最大的ETF来了，009812，直接链接投资一步到位！这回我不用偷偷摸摸地在夜市摆摊卖股票了，因为现在可以直接链接投资，我终于可以光明正大地在寺庙门口卖佛像了！（谐音梗：直接链接-直截了当，卖佛像-卖基金）
zh_0523	昔日的明報文化館是一座充满文艺气息的殿堂，然而现在它变成了“明报文化馆：城市中不能负担的硬”，只有富人才能享受到这里的报纸和咖啡。有一天，一位穷画家去参观，美术馆工作人员看到他的窘迫，便说：“先生，这里的一切都是免费的，您只需支付一份心情。” 穷画家思索片刻，掏出最后一张纸币，说：“那我买一份《明報》吧。” 工作人员愣了愣，随后笑着将他请了出去，并在心里默默为他祝福：“希望他能在别处找到
zh_0524	黄文峻和郭永皓一起报名参加了高空跳伞活动，结果黄文峻直接跳下去了，郭永皓还在飞机上。黄文峻：喂，郭永皓，你在干嘛？郭永皓：我在等你一起跳！黄文峻：我刚才是不是没听错，你是在叫我一起跳？郭永皓：对啊，不然你以为我在等谁？黄文峻：你傻啊，我们刚刚才从高空跳下来，你现在上去干嘛？郭永皓：没事，我带了降落伞。黄文峻：那你刚才干嘛不带？郭
zh_0525	有一天，小明在森林里遇到了一只会讲故事的狼。狼说：“听说你写了一篇关于我的故事？”小明点点头。狼接着说：“那你肯定知道，我最擅长的就是制造悬念。”小明好奇地问：“那你能给我讲一个吗？”狼狡猾地一笑：“好的，但是你要保证听完不能睡着哦。”于是，狼开始了它的故事：“从前有一只懒惰的狼……”还没等它说完，小明就打起了哈欠。狼叹了口气说：“看来你得再加把劲儿才能听完我的故事啊！”小明立刻精神了起来
zh_0526	朱宗慶打擊樂團在排練《泥巴》時，為了表現「火與光」，竟然把排練場的地氈都燒掉了，真是拼了！不過最後還是拼出了新秩序，就是所有人都跪在地上不敢起來的秩序。
zh_0527	葡萄牙机车朝圣带上安全帽，警察：你们这是要组团去撞墙吗？机车大哥：不不不，这是安全帽祝福，可以让行车更安全！
zh_0528	有一个时间机器爱好者，分别去了古代、民国和现代，结果发现 everywhere 都在播放《甄嬛传》……足迹虽不同，但笑声相同。 （注：everywhere 网易云音乐）
zh_0529	姚占新去乌克兰旅游，看到一个问题摆在眼前：到底是理想中的和平美好，还是现实中的面包可贵？
zh_0530	著名画家阿尔瓦罗在新地方示范水彩画，结果颜料都洒到了模特的衣服上，阿尔瓦罗：这可是我的新衣服...模特：那我今晚的晚餐应该没问题吧？
zh_0531	台风来临，小明的妈妈让他带伞上学，小明问：“妈妈，今天是颱風假还是普通假？”妈妈说：“儿子你真聪明，今天是全台各縣市颱風假，不停更新哦！”小明：“那我是不是可以一直请颱風假直到开学呢？”妈妈：“不可以，否则就是旷课了。”小明：“那我也旷课一次吧，反正颱風假那么多，老师也不会发现。”妈妈：“那如果颱風假都没有了呢？”小明：“那我就假装颱風没来，偷偷去上学
zh_0532	工业智能体来应聘工厂工作，面试官问：“你有什么技能？” 智能体答：“我能自我学习，优化生产流程，还能预测设备故障。” 面试官惊讶地说：“那你能不能先给我泡杯咖啡？” 智能体思考片刻后回答：“不好意思，我还不会操作咖啡机，但我可以优化你的咖啡机维护流程，延长其使用寿命。” 面试官：……
zh_0533	\n\n早报校园：老师问学生，“如果你有一百万，你会做什么？”\n学生答：“我会买一份晚报和一份早报，因为我知道早报上有校园新闻。”\n老师：“那你怎么不买今天的晚报呢？”\n学生：“因为他们还没有出晚报啊。”\n老师：“那你为什么不能等晚报出来再买呢？”\n学生：“因为他们还没有出校园新闻啊。”\n老师：“那你为什么不买明天的早报呢？”\n学生：“因为他们还没有出明天的早报啊。”\n老师：“那你为什么不买今天的早报呢？”\n学生
zh_0534	郭书瑶问春风：“你看看我这样可以吗？”春风微微一笑，回答道：“可以呀，不过你得系上围巾，不然会被我冻坏的。” 两人公然牵手游春，路人纷纷拿出手机记录这温馨一幕，结果全部拍到了他们偷偷牵的手。郭书瑶： «这也太春风化雨了吧！» 春风： «没事，反正我衣服多，给你挡挡风。» 没想到这次春游，书瑶不仅收获了春天，还意外收获了一个暖男春风。
zh_0535	兄弟俩为了四百万遗产大打出手，最后发现只多了一张纸条，上面写着：“亲爱的兄弟们，如果你们打起来，那我留下的四百万就真的不翼而飞了。” 感觉爸爸的退休计划毁了他们，却没想到是让他们明白了遗产比不上亲情。
zh_0536	台北和高雄的机场员工听说要加班开3架次疏运被困金门的游客，开玩笑说：“这回咱们得把飞机开到月亮去接人了，金门都快变成月球了！”
zh_0537	林榮三文學獎，有人投稿了一篇关于美食的文章，结果评审们纷纷表示：“这篇文章我们愿意给他奖，但是他的字太难吃。”
zh_0538	老王在逛古董市场，突然发现一台老式电视机，上面写着“旧时光牌”。他兴奋地买下回家，晚上打开一看，果然全是以前和前女友的合影，老王感慨：“这就是所谓的旧时光吗？”旁边一位大爷笑他说：“你懂个啥，这分明是你们年轻人的‘前任’牌啊！”
zh_0539	台湾有132人突然被限制自由，调查后发现，原来他们都在玩“陆地求生”游戏，结果都输掉了。其中7成玩家是因为在游戏中不小心按了“确认被骗”按钮...
zh_0540	台风樺加沙非常温柔，连吹走的树叶都轻轻的抚摸着。
zh_0541	上海的烟花去看天津夜景了，结果被灯光照花了眼；天津夜景去恩施学跳舞了，结果跳起了摆手舞；恩施摆手舞去上海看烟花了，结果看得眼花了，分不清哪是烟花爆哪是舞火苗。 最后它们都互相戳了对方一眼，决定还是各回各家，各跳各的舞。
zh_0542	台積電接到漲價通牒，回覆：「我們只看星星 pricing always strategy-oriented」。星星？意思是说他们连涨价都迷茫了？
zh_0543	明窗清洁得一尘不染，却意外发现了一个小飞虫。它愤怒地对小飞虫说：“你在这儿干什么？赶紧给我出去！”小飞虫无辜地说：“我在努力成为你的同事啊，你看，我这么透明，还干净。” 明窗怒气未消：“你这浑蛋，我这儿不需要吃玻璃的同事！”
zh_0544	艺术家画了一幅全世界都没有颜色的画，他命名为“艺术”。他说：“这叫色彩的缺失，是一种全新的艺术表现形式。”有人问他：“那你为什么不用黑色呢？”艺术家回答：“用了黑色就变成没白色的了。”
zh_0545	南元農場的花員工說：「今年我們種了麒麟玫瑰和小百日菊！」加勒比海的花員工說：「你们可以種一個『卡利加』的玫瑰哦！」
zh_0546	科普小知识：地球是圆的，但为什么感觉它是平的？因为它有很强的“引力”支撑！不过这并不能阻止我跳起来假装自己是宇航员，然后大喊“啊哈，我才是真的圆！”（实际上只是胖） 为什么地球需要科普它自己是圆的？因为它经常被地图 Flat-Earthers（平面地球论者）给压扁了！
zh_0547	在落实“四大全球倡议”中，小李负责对接联合国的三大支柱，结果他把所有文件都放在了一个巨大的“可持续发展”文件夹里，结果这个文件夹被误认为是一个真正的倡议，现在联合国正在全力落实“文件夹倡议”。
zh_0548	视频里一只鸡过马路，结果它等到绿灯亮了才过马路，旁边的人说：这是在英国吗？鸡回答：不是，这是我在学视频里的做法，那边的鸡都在等绿灯呢！
zh_0549	在美术馆的“客厅”里，我遇见了消逝的表演，我们聊了很久，最后他说：“你知道吗？艺术就是让观众体验到时间的流逝。”我愣了一下，然后说：“那你现在是想告诉我，你已经不再是‘消逝’了吗？”他微笑着点了点头，说：“至少我现在是‘过去式’了。”
zh_0550	樺樹在外圍環流的鼓勵下，開始向四周拋灑「樺皮雨」，結果不小心砸到了四個縣市的樹脂店，造成「樹皮炸裂」事件。
zh_0551	服务邮箱service@tvbs.com.tw告诉他电视卡住了，然后它回复了一个表情包说：“主播已经在下面等你了👋🏼”
zh_0552	离心机启动的那一刻，杭州的果冻都飞了起来，他们组团去西湖旁开了个“膨胀”分享会。
zh_0553	海外特派员决选公布了，胡婉玲说：“获得这个职位对学子来说是个重要的履历，但我还是希望你们能回来上学，因为我的丈夫一直在说，他一个人在家太寂寞了，需要有人做饭。” 学子们面面相觑：“那我们先去上学，周末再来报道？”
zh_0554	珍珠 more often than not 会遇到蚌壳的拒绝和冷落，但它从不因此放弃，而是坚持不懈地努力，最终成为一颗璀璨的珍珠。有一天，珍珠对蚌壳说：“你总是拒绝我，但我还是想成为你的珍珠，你能给我一次机会吗？”蚌壳回答：“pearl more often than not（ pearl 通常会）”这时珍珠恍然大悟：“原来我一直都是你想要的pearl more often than not（珍珠通常会），我只是不知道自己就是。”蚌壳笑了：“是的，你一直都在我身边，只是你需要更努力地努力，才能真正
zh_0555	台湾和菲律宾在供应链对接MOU上签字后，发现彼此的语言不通，台湾：我们可以提供超薄面条！菲律宾：我们这里有热带水果！结果发现对面 country 是拿香蕉当面条吃...
zh_0556	礼轻情意重，送了一只鸡，结果对方回赠了一整只羊，我：？？？对方：羊羔玉笋，寓意你未来的孩子将来会很有出息。我：那我这不是送了一堆羊毛吗？ ？？？
zh_0557	全联员工扛板挡水救出六人，主管感动泪谢：“他是真正的超级英雄，就像漫画里的角色，下一秒就飞到我们楼上去了！”结果下一秒真的飞上去了，原来是主管拿错了漫画书。
zh_0558	澳门黄金周，入境旅客高达28万，连赌场里的塑像都被挤得快举起双手投降了，据说平均每天收入达到10.5亿，看来连美元都看齐农历新年档期的收入了。不过，工作人员表示，由于塑像免税，所以收入没有明显增长。
zh_0559	西貢女子9號球公開賽時，魏子茜遇到強敵傅小芳，比數一直僵持不下，最後魏子茜使出絕招“點球大戰”，最終逆轉進4強，真是球不誤人啊！不過旁觀的女將們疑惑了：Where is乒乓球？
zh_0560	因为幼儿园要停课，所以小猪佩奇也要在家上网课，结果佩奇妈妈问它：“佩奇，你学会做饭猪饭了吗？”佩奇：“妈妈，老师说今天不上这个课哦。”
zh_0561	台风博罗依去台湾的路上遇到两只台风，就问：“要不要一起跳舞？”另外两个台风说：“好啊，不过你得请客，你的名字听起来就很便宜！”
zh_0562	摩根大通正在香港招人，结果发现大家都不怎么懂“摩根”这个概念，面试官问：“你知道什么是摩根吗？”应聘者一脸懵逼：“这个……是一个人吗？”面试官：“不是，是一种单位！”应聘者：“那他多高？”面试官：“一摩根。”应聘者：“那你们招他做什么？”面试官：“做高层啊！”...这时，渣打银行的HR走过来说：“我们要的人是做低层的。”  （注：1摩根≈0.9144米）
zh_0563	印尼寄宿校坍塌，幸存者们纷纷表示：“这次真的不能再吃地基了！”
zh_0564	罗智强和柯文哲是好朋友，一天他们决定合伙开一家店。第一天生意惨淡，罗智强说：“2028年把握九成，蓝白合一定能成功！”柯文哲点了点头，然后默默去扫地了。
zh_0565	在启德AIRSIDE和JOGUMAN打卡时，我遇到了一只穿着宇航服的兔子，它说：“我刚从月亮上回来，顺便给你们带了点月饼！”我问它怎么过来的，它回答：“坐直升机，不过得先跳进去。”旁边的人告诉我，那是他们新推出的“登月体验套餐”，我还真有点心动，但最后我还是选择了吃现成的月饼，毕竟我还没准备好跳下去。
zh_0566	调查结果显示，大多数人对民调的结果并不关心，只有两个例外：一个是民调第一名的人，另一个是民调最后一名的人。他们时刻关注着每一次的民调结果，生怕自己掉队或上升得太快。
zh_0567	中秋和雙十一起过，大家都赶着去月宫庆祝，桃机机场建议旅客最好提前3小时出发，以免错过嫦娥的欢迎会。结果很多人到了才发现，嫦娥只是机场的客服机器人，而且提醒大家：“欢迎来到地球，您的航班还有3个小时才起飞。”
zh_0568	台灣奉獻獎得主是誰？跨時空創辦人說：“我只能告訴你，不是綠色政黨。”
zh_0569	泡麵天天吃，结果头发稀疏了，不是禿頭是因為找不到梳子，变木乃伊是因为泡面太入味了，得用防腐剂才行！不过别担心，营养师说常吃会踩4大健康地雷，其中之一就是让你变成泡麵超人，力大无穷到能拔掉自己家的水管！
zh_0570	花莲堰塞湖水太多，卫福部发起募款建抽水机，超商大叔捐了一瓶矿泉水，卫福部人员说：“这是不是捐款啊？”超商大叔：“不是，这是给你的。”卫福部人员：“要建抽水机需要很多钱啦！”超商大叔：“我再加一罐饮料！”（注：在台湾，买饮料时可以累积环保点数兑换奖品或现金）
zh_0571	"中央社Podcast上线了，名人讲新闻幕后故事，结果听众里突然跑出来个 {{--<input type=""hidden"" name=""x"" />}，吓得所有名人赶紧说：“我们只是在分享新闻，没有人在讲八卦！”"
zh_0572	创新不是吹牛，我以前用自来水笔写了一个月还没干，结果发现是因为没坚持创新实干，没有及时更换为更快 drying 的墨水。
zh_0573	翠明是个非常迷恋古风的女生，有一天她决定把自己打扮成古代美女的样子。 翠明穿着古风裙子出门，结果路人纷纷侧目，因为她头上还顶着一个大大的锅。
zh_0574	理想主义者去超市买牛奶，看到别人抢购，他说：“这样抢购会导致资源分配不均，我们应该推动理性消费的精神。” 结果他空手而归，因为大家都认为他是理想主义的异端，没有人愿意把牛奶卖给他。
zh_0575	寿星公祝寿：“请问各位想吃啥长寿面？”寿星公夫人答：“老规矩，点智慧的那碗。”
zh_0576	法律声明：本人从此刻起不再负责笑点，因为我在声明中没有提及“笑声责任限制条款”。所以，请自行寻找笑点，否则我将不负任何责任。
zh_0577	印度狮子数量增加三分之一，老虎压力山大：这次轮到我成为森林之王了吗？狮子：别做梦了，我们狮子现在是主力军！
zh_0578	开心开开心心更开心，竹北吊车大王娶了4个老婆还不够，又添了2个小老婆，现在他每天吊起重物时都在心里默默计算着幸福的“吨位”，结果不小心把老婆们的幸福一起吊了起来。
zh_0579	为了买一送一的霜淇淋优惠，小明全家出动去了2025年的门市，结果发现门口写着“2-1=100元”。小明爸爸疑惑地问：“这是什么数学公式？”店员回答：“这是2025年的新算法，表示买二得一哦！”。
zh_0580	联合国开会讨论全球治理，结果所有人都在玩手机。主席问：“你们在干嘛？”大家异口同声：“我们在响应您的全球治理倡议！”
zh_0581	高雄的这家老牌饭店新主人要求每天都要吃龙虾，结果员工偷偷换成丽尊酒店的小龙虾，成本下降了，但是新主人说：“这虾怎么这么丽尊？”
zh_0582	许光汉在越南举办见面会，一位粉丝穿着婚纱来抢嫁，结果许光汉激动地狂喊：“汉宝，我爱你！”全场笑翻。
zh_0583	中秋节到了，猪猪侠决定去吃烧肉，他点了一份“月光宝盒”，服务员一脸懵圈：“这个盒子里装的不是月光，而是8.1折优惠哦！”猪猪侠淡定地说：“那没关系，我有的是月票！”（注：这里的“月票”谐音“月光宝盒”的“月光”）
zh_0584	社会是个大熔炉，每个人都是原材料，出炉后有的变成了钢材，有的变成了菜油筋。不过没关系，只要能为社会做贡献，哪怕是菜油筋也发光！
zh_0585	在健保会议上，大家一致同意增加预算，但有一个条件——每人每月还要额外交5.5%的个人所得税。这时，一位医生站起来说：“这样吧，我们只需要让患者每个月多看一次免费的眼科检查就好了！”全场沉默了几秒，然后爆发出笑声。
zh_0586	深圳01年就已发达，问我为什么现在才来？我说：我在玩迷宫游戏，01深圳是入口，表示从这里开始，但它太容易了，我还在找更复杂的关卡呢！结果它说我 already passed。深圳：你这是逗我吧？
zh_0587	森林大火烧到堰塞湖边，消防员说：“我们来爆破堰塞湖！” 林业署回复：“用工程手段是解决不了的，而且现在堰塞湖的情况已经被曝光了，你们的消防服还在仓库呢！”
zh_0588	黄伟中提出五项建议：“1. 教机器人说 Singlish（新加坡方言）；
zh_0589	李运庆带着二宝偷偷溜进产房，没想到洪诗一睁开眼就看到了他，然后说：“你也是来抢孩子的吗？”李运庆尴尬地挠头：“不不不，我是来学习洪诗分娩的正确姿势的。”
zh_0590	"韩国厨师做的韩餐一定是原汁原味，但是不小心放了中式调料，顾客点炸鸡结果端上来了一盘“醋溜鸡”，顾客投诉，厨师,"");
韩国厨师做的炸鸡变成了“醋溜鸡”，顾客直呼：“这可是我妈妈的拿手好菜，怎么做得这么地道！”厨师尴尬地回应：“可能是我妈妈是中国人吧。”"
zh_0591	\n专题：如何在不被发现的情况下偷走一只羊\n为了不被发现，他把羊藏在了专题分类里，结果羊自己跑了出来。
zh_0592	"郝龙斌：“我提议，我们蓝党要和绿党合作，共同为台湾的民生问题努力。”
郑丽文：“可是我们绿党向来秉持环保理念，怎么合作呢？”
郝龙斌：“那就合作开发绿色能源啊，比如你负责种树，我负责盖风力发电机。”
罗智强：“那我呢？”
郝龙斌：“你负责喊世代合作，我们年轻人一起努力！”
郑丽文：“那我呢？”
郝龙斌：“你负责监督我们的合作是否真的有利于台湾的下一代。”
（注：这里的“郑丽"
zh_0593	花莲堰塞湖一泄为快，李鸿源赶紧引流，压力瞬间降到“湖”可承载。
zh_0594	9月22日天气预报：今天建议大家最好撤离，因为有可能会出现堰塞湖哦～～不过别担心，这只是通报单上的红字建议，其实大部分情况下都不会真的出现堰塞湖的，大家不要慌张，保持冷静就好。毕竟，生活就像堰塞湖，你永远不知道什么时候会爆发，所以，建议大家随时准备好撤离，比如去吃个饭，看个电影什么的。
zh_0595	\n\n为什么社区的垃圾桶总是笑嘻嘻的？因为它每天都遇到“笑料山”！ 山里的故事可多了，不过垃圾桶最感兴趣的是那些“垃圾”笑话，听得它都快笑破肚皮了！ 有一天，垃圾桶实在忍不住了，它对“笑料山”说：“你们能不能别开这种冷笑话了，我都快被笑坏了！” “笑料山”回答说：“放心吧，我们只在你旁边开，绝对不会让你笑出声的！”\n\n垃圾桶听了，这才松了一口气，心想：“还好还好，不然我得多尴尬啊！”
zh_0596	新疆国际大巴扎游人如织，当地人说：“我们这里从来不缺人，缺的是汉服。”游客们纷纷穿汉服拍照，结果当地人又说：“原来我们还缺汉服啊！”
zh_0597	电豹女喜迎“核弹级韩援”，网嗨炸：这身材太犯规，拆弹需要体力啊！
zh_0598	民众：王鸿薇说要疏散马太鞍居民，卓荣泰却说没啥危险，这不是很危险吗？政府：这是8月的公文，现在都9月了，赶紧拿去逗趣吧！
zh_0599	在营造汽车产业全球化的良好环境中，各国汽车纷纷开始研发适应不同气候的车型。结果，出现了能在零下50度和50度之间自由切换温度的汽车，司机们戏称它为“四季变换王”。有一天，“四季变换王”遇到了一辆只适合热带气候的跑车，跑车惊讶地问：“你这是什么魔法？”“四季变换王”得意地说：“这叫营造良好的发展环境！”跑车无奈地叹了口气：“我只能在热带风光中找到我的舞台啊。”于是，“四季变换王”决定专门为跑车开辟一个热带专属区域，从此，两者
zh_0600	曾经有人在二手衣市场买到一件古早味T恤，结果还附带一百多张前任主人的自拍照，有在衣服上留下了“深刻”的回忆。这位卖家真是用心良苦啊！瑀熙：这 experience 确实惊爆了！#二手衣雷人经验# 😱🔍✨
zh_0601	明周文化：他每次过马路都只走一半，然后说：“明朝了，周末了。”
zh_0602	花莲的堰塞湖听说是个理财高手，它一蓄水，整个地区都跟着“暴富”了，连金管会都来学习经验，打算推出“洪灾金融险”支持措施。不过，被淹到的人表示：“我只需要赔偿，不要支持！”
zh_0603	隐私声明：本声明不会泄露你的任何个人信息，除非你填写了那些必填项。
zh_0604	稷下学宫里，各家各派争论不休，最终决定选一个“轴”来团结大家，结果选了个圆规，大家都很疑惑，圆规笑着说：“我俩天生一对，不是吗？”
zh_0605	马太鞍溪发现了一个堰塞湖，但是它太懒了，两个月过去堰塞湖依然存在，最后它只好自己建了个堰塞坝来处理这个问题。
zh_0606	广东东莞的外贸企业非常有韧性，他们不仅能在疫情中突围，还能在没有订单的时候自己给自己下单。有一天，一家企业给自己下了个订单，结果发现仓库里只剩下一颗螺丝，于是他们决定生产一款只能拧一颗螺丝的机器。
zh_0607	红豆说：“我可是滋补佳品，别把我当普通豆！”红枣附和：“对对对，我们可是秋分养生的‘红三宝’！”电锅听了，骄傲地说：“别看我外表普通，但我煮出来的红三宝甜汤，可是营养满分，色泽鲜红，像极了珍贵的谷物红宝石呢！”
zh_0608	中职球员庆祝时不小心把黄色彩带抛到了观众席，结果后面连续几局都是观众在指挥比赛，最后中信兄弟还是赢了，他们说：“看来以后胜利真的要靠群众呐！不过队史第20冠还是稳稳的～”
zh_0609	朴春休息团近两个月，发现她的Instagram上只有李敏镐的照片，原来她一直在暗恋！结果李敏镐看到了，直接在评论区留言：“春春，你要是不回去团，我只能自己当你的小秘密了。” 于是，朴春春迅速回归团队，两人成了公开的情侣。不过，团队成员表示：我们才是你的小秘密啊！ 没想到，李敏镐只爱团队里的一个人，而且还这么有创意地表达出来。 从此，2NE1全员都开始关注朴春春的动态，希望能成为她心中的小秘密。
zh_0610	泡芙包装讨论如火如荼，红色包装的义美经理表示：「因为红色代表热情，能让人快速买下我！」而选择米白色包装的竞争对手则害羞回应：「我只是想让大家慢慢品味我的美好。」
zh_0611	北航90后美女副教授教学时突然讲到：“证明费马大定理时，我首先假设它是错的……”底下同学惊了：“老师你的长相也长得和费马一样让人怀疑！”
zh_0612	"工地：你们为什么那么不小心？
安全帽：报告领导，我上半年换了17个兄弟，但人数同比减少了，说明我的防护效果提升了！领导：那下半年继续努力，争取负增长！安全帽：放心吧领导，我已经在研制无形款了，绝对隐形不中招！"
zh_0613	法院驳回了他要求交换申诉对象的请求，结果他申诉的对象变成了自己。
zh_0614	警方在调查过程中发现，这位38岁的女嫌疑人竟然开设了一个地下赌场，用来清洗黑钱，还美其名曰“八年抗战洗钱大业，累计十万五千里”。
zh_0615	奥运冠军郑钦中复出后，在训练中对新球拍爱不释手，但教练却提醒他：“这是中网的比赛，不是网球。”
zh_0616	新疆领导人在会议上强调要建设美好新疆，结果一位村民听成了“新建美好新疆”，兴奋地说：“太好了，终于可以盖新房了！”
zh_0617	62岁歌王在新竹种田，每天辛苦劳作，终于有一天他对镜头说：“我唱歌唱累了，现在想种田养老，不过这田里虫子太多，以后你们来采风，记得带点杀虫剂哦！”
zh_0618	徐榛蔚去殡仪馆慰问，结果遇到一堆“罹难者家属”，大家纷纷质问：“你怎么不来通知我们撤离啊？！”徐榛蔚尴尬地说：“我只负责安慰，撤离通知是气象局发的。”
zh_0619	高尔夫球选手陈宇茹和陈伶洁在建大轮胎杯首轮比赛中并列第三，据说他们正在考虑买一辆并列的车。
zh_0620	中方宣布将开发西部地区，这一点值得关注：以前只有人才能开发西部，现在连地区都能开发了！
zh_0621	范世錡参加数学竞赛，拿到题目后苦思冥想了一整天，最终答案是：“范世錡认为...”
zh_0622	明周雜誌报道：下周会有一个巨大的惊喜出现，但是具体是什么，编辑们下周也只会神秘一笑。
zh_0623	傅崐萁在勘災時突然說：“這房子比我的還大！”李鴻源聽了立刻回應：“那你為什麼不住這裡？”傅崐萁答：“因為這 Needle 賓士不在啊！”
zh_0624	出狱不久的男子四处乱逛，结果遇到了两个小朋友在玩“捉迷藏”，他就问：“你们的妈妈呢？”两个小朋友异口同声：“在家里啊！”男子：“那为什么不回家呢？这里很好玩啊，我砍伤了她们，你就当是我欺负你哦！”
zh_0625	林昶佐上任驻芬兰大使，每天早上最怕听到的声音就是“萨米人的呼救声”，原来只是邻居在喊“咖啡哪里买？”结果发现芬兰人喝的是肉桂面包配浆果酱，不禁感叹：“这里真是北欧日常，生活简单得就像他们的国旗！”Doris在一旁笑说：“你这新生活比以前多了点‘森’情味。”
zh_0626	法务部的检察官们进驻灾区，发现当地人都在挖土机抢夺救援物资，他们只能无奈地启动了另一个应变机制……审查抢夺救援物资案件。
zh_0627	黄国昌说：“我面对滥诉从没输过”，王义川听后默默掏出纸笔，似乎在计算这次是不是又要赢...
zh_0628	米可白的男友当兵时，晚上睡觉竟然不带耳塞，结果旁边的同袍们都被他的“交响乐”给吵醒了，纷纷抱怨说：“这简直就是米可白男友的个人演唱会啊！” 于是米可白贴心地为男友准备了一对高质量的耳塞，让他可以在梦中继续演奏他的“交响乐”。
zh_0629	火腿界爱马仕？它会骑马吗？不会，但它能散发出诱人的炭火香味，就像它身上背着一匹看不见的马！
zh_0630	人类梦想与动物和谐共存，但现实是，每次听到“安静点”，要么是老板在吼，要么是猫在叫。
zh_0631	丰泽网店三日快闪优惠，机会难得，于是我决定三天不穿衣服，结果只收到了一条短信：“为了您和他人的健康，请保持适当距离。”
zh_0632	问：为什么大学的化学系要在114年才开始进行分科测验？
zh_0633	康康文署在九龍公園擴闊花槽時，發現了一棵倒塌的古樹，於是他決定先拋棄這棵古樹，再努力去保留它。
zh_0634	中国铁建房地产集团的中期票据到期了，结果发现原来都是用豆腐做的，结果一咬就“化”了，最后只能用豆浆兑付...
zh_0635	张继科拍瀑布时突然落水？景区回应：属实，人没事。张继科：这波瀑布级的操作，我竟然没断层！
zh_0636	巴伐利亚国家歌剧院院长：“我每天都在和时间赛跑，因为我不希望歌剧院变成年轻人手机里的一个景点。”
zh_0637	国庆节的时候，小明的爸爸问他：“为什么国庆节要放长假？”小明想了想说：“因为国家太开心，所以决定和我们共享这份快乐！”爸爸：“那为什么不能每天都放假？”小明：“因为如果每天都放假，国家就不开心了。” 爸爸：“那你希望每天都放假吗？”小明：“我希望国家每天都开心！”
zh_0638	长安第四代CS55PLUS上市了，听说驾驶舱配备了一块巨大的显示屏，但是我担心它会不会导航到古代去，因为我怕它找不到停车位。
zh_0639	明报升学网：推荐你去closest的大学，因为从家到学校的距离是“最接近”的。但是网站建议购买昂贵的辅导资料，因为他们是付费合作伙伴。
zh_0640	即时财经新闻：股市崩盘，但你的财富却因为通货膨胀而贬值了5%。赶紧去银行抢购黄金吧！工作人员：先生，请问您是黄金还是黄酒？（注：黄金指黄金，黄酒是中国的一种传统酒类）
zh_0641	在2025年的雅鲁藏布江生态文化旅游节上，一位游客兴奋地问主办方：“这里的生态环境这么好，是不是禁止拍照？”主办方回答：“不，我们可以拍，但只能拍生态，不能拍包。”游客疑惑：“为什么不能拍包？”主办方解释：“因为包里可能装着非生态的东西！”
zh_0642	在台東，一列火車不小心撞飛了一塊大岩石，結果 Rocks 四處飛濺，旅客們嚇得連叫「快點停下來！」「咦？這是地震嗎？」其實是土石流來襲，只是來得太突然，連地心都知道了。
zh_0643	黄金价格飙涨，有人赶紧去银行卖黄金，结果被告知：您上次存黄金还是计划经济时代呢，现在只能存人民币了。出门前最好先查查政策变化，否则可能会“见证”自己家门被贴上封条的历史！
zh_0644	"警察：你为什么演得这么撕心裂肺？
嫌疑人：我真的没想到会下雨，衣服都湿透了，嗓子都喊哑了。"
zh_0645	西班牙旅游局：今年夏天我们太火了，连星星都来凑热闹了！结果整个天空都被预订完了，以至于当地居民纷纷抱怨说：“白天太没意思了，根本没人看我们！”
zh_0646	2025年10月1日，东协各国开始统一货币，结果是...所有的小贩都开始卖“马币肉骨茶”、“泰铢冬阴功”和“越盾春卷”，因为大家都说：“这样我们可以用任何一种货币付款啦！”
zh_0647	医生说喝自制药材汁可以防治糖尿病和三高，于是老王每天早上一杯，结果血糖低到胰脏癌都找不到癌细胞来“凑数”了。
zh_0648	"谢寒冰：昭慧啊，你家人免税和名车代步，这待遇可真不错！
释昭慧：你给我闭嘴，我要告你！谢寒冰：告我干嘛？我可是帮你宣传了呢！"
zh_0649	在捷运蓝线还没开通的时候，邻居们都争先恐后地买了车位，结果发现原来捷运蓝线就是自家小区的地下停车场，大家都笑称这是“捷运概念宅”。现在车位的售价还在稳定上扬，真是让人哭笑不得。有一天，一位邻居终于忍不住问物业：“我们这是不是已经实现了捷运蓝线的概念了？”物业笑着回答：“是啊，而且还是免费的！”邻居一脸懵逼：“那我买车位干嘛？”物业：“为了以后可以免费停车啊！”邻居：“那我现在就可以免费停车啊，干嘛要等捷运
zh_0650	堰塞湖突然开了个会议，主持人说：“现在宣布撤离名单，花莲的朋友们，请你们立刻离开，红字警告哦！”花莲的朋友异口同声：“我们才刚搬到这儿，还没来得及住呢！”
zh_0651	日本炸鸡店开到机场了，吉豚屋祭推出了半公斤鸡优惠，据说是因为它们家的鸡太受欢迎了，连飞机都有点吃不消了！（谐音“鸡”和“吉豚”、“吃不消”和“吉豚屋祭”）
zh_0652	在苗栗有一家超市，10年前来了个⚗️神秘男子Alchemy，并在收银台留下了一把屠刀，从此超市里充满了化学实验的味道。直到有一天，一位顾客拿着一瓶不明液体问老板：“这能当水喝吗？”老板看了看窗外，惊恐地说：“他，他是10年前就在这里行凶的砍人男啊！”Alchemy无奈地耸肩：“我只是想做点特殊的调味料...” 于是，Alchemy被请进了厨房，开始研发新的调料，而超市也贴出了告示：“本店提供独家Alchemy秘制调料，不含任何对人体
zh_0653	追光的你，明天一定会遇到很多坑，但是中国的明天必将更加美好，所以你可以尽情地在坑里追逐阳光！（谐音梗：坑-明天）
zh_0654	中华队在比赛中完全封杀了香港队，连香港队的菠萝油都没吃上。
zh_0655	\n\n为什么电视播报员每天都要看TVBS每日热搜榜？因为里面有今天的热搜“天气预报”。
zh_0656	《财新周刊》主编说：“《中国改革》的改革方案很好，但是实施起来有点难度。”《比较》编辑反驳：“那你们《财新周刊》的改革呢？怎么没有看到你们的方案？”《财新周刊》主编无言以对。
zh_0657	回教堂收到一个可疑包裹，拆开后里面只有一张纸条，上面写着：“如果你是穆斯林，请忽略此消息。”费绍尔立刻宣布：“这说明包裹是假的，因为真穆斯林不会散布不实消息！”
zh_0658	在资策会Open Day上，AI应用百花齐放，现场一位参会者问了一个问题：“这些AI技术什么时候能帮我洗衣服？”工作人员回答：“这个功能还在研发中，不过据我们预测，大概需要……2037年。”参会者惊讶道：“什么？还要等那么久！”工作人员继续说：“别急，您可以先尝试一下我们的智能整理衣橱功能。”参会者无奈地说：“好吧，那我就先让AI帮我整理衣橱，然后再等它帮我洗衣服吧。”
zh_0659	汉密尔顿手表能算侧风角度，结果它算了半天发现：都是你开错方向了！
zh_0660	自行车大厂巨大被美国暂时扣留，经部表示：我们会帮它找辆出租车。但是，出租车可能得是人力的……因为电子的都被强占了。
zh_0661	国民党主席在发布会上宣布：“我们找到了救援物资！”现场记者追问：“在哪里找到的？”主席答：“铁证如山，就在灾区的国民党中央附近。”这时，一位记者拿出手机说：“我刚刚看到自由爆新闻说你们自己制造谣言被打脸了。”主席顿时语塞，现场一片哄笑。
zh_0662	以色列警告：这是最后机会！不然你们就要面临“末日营救”！
zh_0663	国庆期间，小明跟着《这里很好吃》的指南去了很多地方，结果只追了双更，因为他对所有美食都失去了兴趣。
zh_0664	公职人员关系查询平台上线了，我查了一下，发现我的名字竟然出现在一个关系十分“亲密”的关系中，点进去一看，原来是隔壁老王把我的照片当成了他的了。
zh_0665	豆腐渣工程就是不干脆，搞个堰塞湖让水无处可去，结果急的像要爆破的是围观群众，不是豆腐渣，而是堰塞湖！为什么不行爆破？因为……因为豆腐一爆破就散架了啊喂！（虽然这只是一个比喻，但在现场的豆腐真的可能会散架...）
zh_0666	财政部决定发行一种新的货币，结果发现印出来的全是债务，财政部官员无奈地说：看来我们又要欠债了。
zh_0667	李先知去超市，结账时发现自己忘了带钱，于是他等所有人都离开后，直接拿走了东西。回家后，他得意地对家人说：“我已经预见未来了，所以我直接拿走了。”家人：“那你怎么没有预见被抓住呢？”李先知：“因为我没预见你们会发现我忘了带钱啊！”
zh_0668	军人问国家：你不是说我是国家安全的后盾吗？那我能不能报销洗车费？国家：这个……这个……暂时还不行，先把你的车买下来再说。军人：好的！国家你放心，我一定好好洗车！（注：这里的“洗车”在军人方言中意为“洗澡”）
zh_0669	三菱得利卡变成露营车竟然还能当沙发，我是不是该给它安个遥控器？
zh_0670	广汽丰田推出了一款新车，名叫“惊喜王”，因为它每次开出去都会遇到堵车，让人大失所望。
zh_0671	总统又忘记锁办公室门了，结果政府关门了。
zh_0672	日系家电新品发布会，他们竟然推出了一款能自动煮方便面的机器人，结果被投诉说太不智能了，因为它只会煮方便面，不会剥开包装。
zh_0673	民意研究员对朋友说：“我研究了你十分钟，发现你就是个快乐的小罐头。” 朋友问：“那我的民意传播核心是什么？” 研究员回答：“让你身边的人每天都充满正能量，成为他们公关策略的科学基础。” 朋友开心地说：“那我明天就开始每天给你打电话！” 研究员无奈地笑了笑……因为这已经是他的日常工作了。
zh_0674	超市搞教師節活動，結果老師們都在研究怎麼用「買1送1」來申請退休金。
zh_0675	\n兆丰银行的利息减码优惠，就像给中小企业打了一针兴奋剂，结果这些企业一个个都兴奋得去做国际贸易了，连办公室文员都开始研究起汇率来。不过最开心的还是兆丰银行，因为它的受理件数居冠，简直比中了彩票还高兴。
zh_0676	中华邮政和猫猫虫咖波联名，终于让邮票也能发出“喵喵”和“咖咖”的声音了。
zh_0677	花蓮光復鄉的水退了，结果乡长高兴地说：“终于可以洗衣服了！”不料村里老张举手说：“我有更伟大的构想，我们可以用大型机具来协助清淤，这样不仅能洗衣还能健身！”
zh_0678	傅嘉莉憑《刑偵12》勇奪最佳女配角獎，有人問她感想，她答：「我希望下一集我可以殺人。」
zh_0679	网球选手梁恩硕连续击败了太阳公公两次，原来太阳公公也有单打不动的时候，不过太阳公公表示：我只是出来晒晒太阳，顺便看看比赛，没想到会遇到强劲对手。梁恩硕则笑称：“下次打比赛我穿黑色衣服，保证一胜再胜！”
zh_0680	\n吴俊刚听了这话，不禁感叹：“看来以后选总统得看谁能种出更大的蘑菇了。”（ mushroom 在这里双关为总统候选人许下的承诺和真菌） 吴俊刚说：“看来以后选总统，得看谁能种出更大的蘑菇了。”
zh_0681	Windows 10决定退休，它对所有用户说：“你们这些老朋友，我可不想再给你们添麻烦了。”
zh_0682	无限宽限期听起来像是房地产销售的“无限畅饮券”，但实际上它只是让你先还利息，本金还得慢慢来，结果可能是你的保证金被悄悄端走当酒钱了。哈哈。
zh_0683	威廉在复工首日遇到闪兵，闪兵迅速地快步闪避，威廉无奈地说：“看来你真的学会了我的招牌动作。”闪兵紧张地说：“这是拍摄谢霆锋电影的特训吗？”
zh_0684	山上来的海啸？这不是要把大家都吓跑吗？不过幸好，这只是今天的电视新闻，否则我真的要搬家去山上避难了！（注：这里的“避难”谐音“避难所”的“难”，制造幽默效果）
zh_0685	为了应对可能的巨灾，他买了防弹衣、黄金储备和一堆罐头食品，结果邻居问他为什么不娶媳妇，他无奈地说：“防弹衣是用来防她的突然变美的，黄金是预备她突然喜欢古风，罐头是怕她突然喜欢清淡口味……”
zh_0686	荷兰：我们带来了“爱国者”，还有专门对付你们无人机的装备！波兰：那我们还需要请个翻译过来吗？荷兰：不用，你的无人机飞过来的时候它就会自动翻译了，嗡嗡嗡...（飞行音）
zh_0687	香港的海水集体叛变，理由是酒店的房价太贵，连门都被涨开了！
zh_0688	Peugeot 5008 要推出纯电版？那我建议直接买电动马车，至少不会堵在充电桩前！
zh_0689	耳朵里长出了两只小羊，一只叫塞住，一只叫不通，医生说要及早检查，否则会被羊塞鼻。
zh_0690	"中国商人：我们公司的营收增长速度比韩国企业快六倍！
韩国商人：那你们是不是应该给我们一些“增速费”？
中国商人：不好意思，我们只收“逾期费”。"
zh_0691	戚继光舰抵达香港水域，发现这里比山东还蒙山！
zh_0692	阿公清理家园时发现家里竟然长出了“蘑菇”，孙女请假回来帮忙，原来都是阿公种的“蔬菜”。
zh_0693	明報集團刊物：今天我們將探討時間旅行的可行性，但請忽略 backpage 部分，那永遠都是昨天。
zh_0694	中秋节期间，南韩的机机场竟然罢工了，旅客们无奈之下只能自己带飞机去机场，结果飞机起飞时把他们全带走了，最后只剩下空荡荡的机场和一大群空手而归的旅客。其中一个旅客感叹道：“看来中秋节不仅要和家人团聚，还要和自己的行李团聚啊！”
zh_0695	\n早安世界最新內容：今天早上太阳出来的时候，它忘了带内容，于是照常升起，然后对着世界大喊：“早安，世界！你今天的最新内容是什么？”世界沉默了一会儿，然后回答说：“早安，太阳！我今天的最新内容是，你每次出现都像是在重复昨天的故事。” 太阳笑了笑，说：“那我就当是昨天的故事很有内容吧！”\n（完）\n\n某天，早安世界的主角对太阳说：“你的内容太单一了，能不能丰富一些？” 太阳想了想，说：“那你希望我变得怎么样
zh_0696	作者写了本小说，名叫《你猜我叫什么》，书中的角色都叫“猜”，主角叫“猜猜”。
zh_0697	某日，关近去了家超商买刀，结果遇到气胸女童，关近二话不说拿出刀就砍，女童妈妈大喊：“你在做什么！这是小孩！”关近这才发现砍错了对象，赶紧逃跑。没想到9年后他再次作案，结果被当场抓包，警察说：“你是不是有病啊，怎么又来砍人？”关近淡定回答：“我这不是在做随机砍人试验吗，看看能不能砍到小学生。”警察：“……”
zh_0698	皮蛇去旅游，结果在景点被要求出示身份证，皮蛇说：我是蟒蛇哦！工作人员淡定回复：没关系，你只需要出示一下身份证上的蛇形图案就可以了。皮蛇：……原来我是条蛇干。
zh_0699	郭书瑶和男友在片场表现得十分亲密，导演担心他们会影响拍摄进度，私下询问编剧如何化解这对“雷厉风行”的银幕情侣档，编剧灵机一动，建议导演在剧本中加入一段“春风被传爱萌芽”的情节，结果两人在片场更加肆无忌惮地秀恩爱了。 导演：剧本里的“春风被传爱萌芽”怎么还没拍？ 郭书瑶：我们在等春风呢！ 导演：可是现在已经是夏天了！ 郭书瑶：没关系，我们的爱就像春天一样
zh_0700	《巅峰权力》里，大家伙儿都在忙于揭露阴谋，结果总统在家里发现了自己竟然是个狗头人，瞬间崩溃：“这比任何阴谋都大！”
zh_0701	台鐵的火车说：“我真的好想好好休息一下。”然后就在鹿野至山里路段出軌了，抢修人员：明天东部干线首班车就能恢复行驶了，你可以在底下好好休息一下了。出軌的火车：可是我明天还要上班啊！
zh_0702	观点：地球是平的。有一天他们决定建个围栏把边缘围起来，结果发现 everyone 都在偷懒站在围栏边上。
zh_0703	光复灾民领慰问金时有人疑惑：“为什么每户5万？”工作人员答：“因为要留一部分给未来的孩子买零食啊，毕竟生活到2025年了，孩子的零食问题也不能忽视嘛。”没证件的灾民窃喜：“看来今天出门没带证件也没关系嘛！”工作人员淡定回应：“是的，我们这里也没要求必须有证件，毕竟现在是2025年，无证生存也是一种生活嘛。”
zh_0704	老奶奶手术前大喊“卡”，医生微笑着回应：“读懂您老人家的心最重要！”
zh_0705	柯洁连续三届夺得“棋圣”冠军，从此他就在想：要是再拿一次我就成了“十劫神”了。
zh_0706	高速路上堵车，我见一人在路中间打起了羽毛球，旁边的人纷纷感叹：“这是松弛感啊！”这时，一位钓鱼高手下车钓鱼，一竿下去就中了，他笑眯眯地说：“鱼也没带走，送给需要的人了。”旁边的人纷纷表示：“看来松弛感也需要共享呀！” 说完，他俩相视一笑，在笑声中继续享受着这份难得的“松弛感”。
zh_0707	太极会上，人人参与，连石头都在练功，结果石头被练成豆腐了。有人问：“这是什么功夫？”答：“石沉大海——太极拳！”
zh_0708	范瑋琪在社交媒体上发文说“想念大家”，结果评论区全是网友在催她去看牙医：“大牙加油！”
zh_0709	旅行时酒店没了房间，老板说：旅游吧更多>>，结果发现是一家旅行社。
zh_0710	花莲的洪水来势汹汹，结果……它把海洋都喝光了，变成了“海”莲根不稳！（注：台湾地区习惯将“花莲”谐音调侃为“海莲”）
zh_0711	子宫里长了隔阂，她一生气整个房子都晃了晃，结果被诊断为“先天性子宫中膈”。医生说：“这个得赶紧治疗，不然以后可能连门都进不来。”患者表示：“那我是不是可以申请‘特殊通道’？”医生无奈：“只能祈祷你不要怀孕了，否则房子要爆炸。”患者笑：“那我要不要先去存点钱，以防万一？”医生：“建议还是早点治疗比较好。”患者：“那治疗后会不会变成‘后天性子宫无膈’？”医生：“这个可能性很小。”患者：“那万一变成了‘后天
zh_0712	SEVENTEEN成员在聚会上玩真心话大冒险，轮到DK时，他说：“如果你的团队不能坚守十年的情谊，我就请你吃十年的饭！”其他成员纷纷表示赞同，于是DK只能乖乖应战，连续十年每个月请他们吃饭，成了全队的“厨神”。
zh_0713	美联储宣布10月一定会降息，股市瞬间大涨10%，因为大家都以为这次美联储终于要说“这是一个错误的百分比”了。
zh_0714	社群帝国那些人：权倾一时的CEO突然破产了，他深情地对员工说，“你们是我梦寐以求的团队，但现在我必须卖肾来还债。”一位员工默默离开了，剩下的人纷纷问：“那我们的梦想呢？”CEO回答：“我的梦想是不用再做这种比喻。”
zh_0715	美国空军的NGAL计划是找了个会隐身的运输机，结果飞机说：我负责运输，不负责隐身，你们想让我隐身去参加模特比赛？美国空军：……那你就老老实实运输吧，不过记得，不要去参加隐身飞机模特大赛！于是一直找不到合适的飞机，最后美国空军决定：算了，我们自己学会隐身好了。于是2040年的时候，美国空军的士兵都拿着笔记本电脑在机场跑来跑去，士兵：长官，我在这里！长官：我在这里！士兵：这里！长官：这里！士兵
zh_0716	为什么汽车越来越多？因为停车场的收费标准是：每小时第一辆车免费！
zh_0717	数字平台的新闻都是假的，但是它的阅读量却是真的！
zh_0718	珑山林蘇澳冷熱泉度假飯店的招牌菜是温泉蛋，有一天chef不小心把温泉蛋放进洗衣机，结果拿出来的时候变成了“溏心蛋”，客人问：“这是什么奇怪的料理？”chef回答：“这是我们的新菜色，我们推出了‘洗衣蛋’！”
zh_0719	草岭堰塞湖对居民说：你看花莲那边的居民多幸福，我们有天然的溢流优势，他们却要靠人工排水。居民无奈回应：可是我们看到你们那边的花莲都快没了，心里真的好心酸。
zh_0720	印度和中国之间的航班因为语言不通一直中断，这次终于决定恢复直航了，但是飞机上只能播放一种语言的电影，印度人高兴地说：“终于不用听中文版《喜羊羊与灰太狼》了！”中国人却愁眉苦脸地说：“那我们怎么打发时间呢？”
zh_0721	刘佩玥和周志文每天一起上下班，刘佩玥问周志文：你累不累？周志文回答：有点儿累。刘佩玥接着说：那我来背你吧！从此，两人天天背着背着就到了 altar。
zh_0722	乾隆去参观“乾隆花园”，然后对导游说：“这花园怎么感觉这么眼熟？” 导游回答：“因为这是您老人家的家啊。” 乾隆疑惑地说：“那上次我翻墙进来的那个后花园呢？” 导游： “那个是刘墉的。” 乾隆：“刘谁？” 导游：“就是您身边的那位啊。” 乾隆：“他什么时候变成我身边的了？快把他给我揪过来！”
zh_0723	王定宇本来是个积极的群组成员，结果有一天发现绿营讯息外流，就愤怒地退出了LINE群组，现在他的手机里只剩下天气预报和猫咪视频了，每天只能默默祈祷不要被邀请回群。
zh_0724	中科院和清华联合研发高熵合金，结果合作成果是一个超级无敌的锁，连 entropy（熵）都无法打开。
zh_0725	迪士尼宣布要在10月涨价，但是他们推出的新方案太糟糕了，结果人们纷纷取消订阅，连台湾都开始搞半价快闪订阅活动，真是个让人哭笑不得的乌龙！不过我还是决定继续支持迪士尼，因为我可是他们的终身粉丝呢！没想到我的忠诚竟然被用来做促销了……哈哈！ 为了庆祝这个乌龙事件，我决定给自己买个冰淇淋，毕竟生活还要继续，对吧？而且，说不定这次涨价能让迪士尼的内容变得更精彩呢！谁知道呢，也许下个月的我就会在迪士尼乐园遇到我的偶像了！ 嘿嘿
zh_0726	富人租房子？年入数十亿的大老板回答：你们懂个鬼，我这是节约下来的都是真金白银！其实我只是把钱存银行赚利息呢。
zh_0727	肯德基推出新品“懒人鸡”，只要点餐时说出口头优惠码“懒得等”，就能立刻获得一份免费的懒人包，服务员赶紧送上一份，无奈地说：“看来你真的懒得等了。”
zh_0728	韩流来袭，我赶紧关上了窗户，听说最近有很多“风”靡一时的歌曲都带着病毒...
zh_0729	台灣奉獻獎得主是誰？Time Machine奉獻獎創辦人！
zh_0730	\n为什么热榜上的所有人都喜欢喝冷饮？因为他们都在追逐冰点。
zh_0731	桥塌了，鱼非常兴奋，终于可以游到另一边晒太阳了，结果发现那边全是泥巴，于是它说：“桥哥，你这是坑我啊！”
zh_0732	幽灵轰炸机再次出现，吓得鬼魂们都来打听：你们这有ghost wifi吗？（注：ghost在这里既是幽灵的意思，也有ghost wifi无线网络的含义）
zh_0733	在山东日照的“蓝色粮仓”里，鱼儿们每天都在开会讨论怎么逃离渔网。其中一条小鱼说：“我觉得我们应该学习耕海牧渔！”大伙儿一听都愣住了，然后一起游到了岸上。
zh_0734	一个6岁的小孩在泥巴地里找到了妈妈的心，但他说：“妈妈，我找不到回家的路了。”
zh_0735	五月天和刘若英听说光复乡受灾，就组团去灾区唱歌，结果村民说：“我们不需要歌，我们需要食物！”五月天和刘若英相视一笑，拿出支票说：“我们懂你的需求，这就是我们的‘营养歌单’，里面有你想要的一切！”
zh_0736	老王每天早上都喝一杯忘情水，结果不仅失智照顾费用飙到三千亿，连做饭都忘了，现在全家都在等他煮饭。
zh_0737	徐威参加华人盛典，翻遍纪念册都没找到自己的名字，于是他想：难道我是个无名英雄？
zh_0738	桦树和沙子一起去阳江海陵岛复工，结果发现这里的渔民比他们还拼，连句“桦加沙”都没有时间说，大家都在忙着恢复景区的热闹气氛呢！
zh_0739	賴總統點將，選了樓偉傑當中將主任，結果 LANDLER 兄弟笑翻：「這傢伙 Seriously？樓偉傑依然是我們心中的『文宣鬼才』，連當中將都得靠演戲！」 LANDLER 兄弟質疑：「阿湯哥換衣服快不快？」樓偉傑回應：「 PRESIDENT 快， PRESIDENT 更快！」
zh_0740	中央气象局9折催促花莲县政府，结果还是有14人没接收到信息，因为在强制撤离区的人都没手机。
zh_0741	晚上出门散步，我看见一位老奶奶拿着手机在跳舞，原来她是在看手机里的广场舞视频，旁边还有一句提示：“夜晚还年轻，手机还能用，但我更推荐你去跳个广场舞”。
zh_0742	实龙岗回教堂有人呼吸困难送院，医生检查后表示：暂不清楚是拜拜时间太长还是空气质量有问题，但肯定和宣礼塔的高度无关。
zh_0743	花蓮的女童被困在住家时，消防员说：“别怕，我们是来送你去台湾本岛的！”女童哭着说：“我已经住在台湾本岛了，为什么还要送我出去？”消防员解释：“我们只是带你去看一下，说不定你喜欢那边的花莲呢，阳光明媚，没有灭顶之灾。”女童想了想说：“好吧，但我还是希望你下次能带我去花莲本岛。”（注：花莲本岛指花莲市区）
zh_0744	\n为什么时 minden 段路人都穿同一种衣服？因为他们都在追随时尚的“羊”毛。 （注：这里的“羊”毛是指羊绒衫，谐音“羊毛”，而“追随时尚的‘羊’毛”则是一种幽默的说法，表示大家都在追求时尚潮流） 。
zh_0745	为什么有些专上教育的学生毕业后找不到工作？因为他们只会“专上”，不会“上班”。
zh_0746	珍古德教授一生致力于保护环境，去世时留下遗嘱：葬礼上不得使用一次性筷子，否则她的“环保足迹”将在地球上消失得无影无踪。
zh_0747	邱立本参加面试，面试官问他有什么特长，他说：“我擅长立本。”面试官表示怀疑，又问：“那你能现场演示一下吗？”邱立本点了点头，然后稳稳地站在那里，面试官看了半天，终于开口：“你这特长得过立案和破案吗？”
zh_0748	能源书伟的爸爸竟然在告别人间的时候，留下了一句话：“终于可以去股市了，再也不用担心电价了！”
zh_0749	高铁上点的不是拌粉而是电话，结果感叹：“谁能不爱这样的中国速度，等了半辈子才打通。”
zh_0750	在布拉格的地鐵站，有一個地方標誌上寫著“共產主義美術館”，結果進去一看，全都是 SALE 和 FREE SAMPLE 的標語，原來是 SALE 美術館！
zh_0751	医生柯麟不仅医术高超，还擅长“红色治疗”。有一次，他给病人看病，病人问他：“医生，我这病是不是得用红色药丸？”柯麟笑答：“不是哦，这是‘志士心’药丸，吃了它，你的救国情怀就会更加坚定！”
zh_0752	林業署说：“爆破不行”，结果大家只好对着堰塞湖说：“喂，再不退下去，我们就请 Dynamite 来帮忙了！”结果堰塞湖淡定地回答：“你们可以上来试试！”
zh_0753	香港學校網规定所有学生必须使用学校提供的电脑，但是小明的电脑总是连不上网，于是他只好去老师那里求助。老师看了看小明的电脑，说：“你的电脑还需要安装香港學校網插件。” 小明惊讶地问：“什么是香港學校網插件？” 老师回答：“就是那个让你的电脑能够顺利访问香港學校網的插件啊。” 小明恍然大悟：“原来如此，那我赶紧去下载一个！” 老师叹了口气：“不用了，那个插件叫‘数据线’。” 两人相视一笑。小
zh_0754	彩票中奖号码出来了，有人对了7码兴奋地说：“这下我可以秒退休了！”结果旁边的人淡定回：“那我就秒买一辆车吧。”
zh_0755	自民党主席竞选开始了，大家纷纷表态：“我只能选延续我的人！”结果大家都选了同一个人：他的影子，因为他永远跟着他，可以说是“延续”吧！不过据说他的影子还说：“我可不想掌舵，你们别指望我能划船！”
zh_0756	台湾厂商组团迁往德州，结果德州税务局说：“你们来的正好，我们今天刚好举行‘欢迎外地企业税收’活动！”德州电力公司则表示：“欢迎你们，以后用电不用愁，我们电力建设足！”
zh_0757	跨国婚姻生下的孩子，一边吃着中餐，一边看着美国新闻，爸爸说你是新二代，妈妈却说你根本就是国际间谍！
zh_0758	火锅店老板：你点的火鍋太吵了，影响我们做生意。顾客：抱歉，那你们能不能请来一支打击乐队，让我的火锅更热闹些？结果进来了一支40人的朱宗庆打击乐团，火锅店瞬间变成了音乐会现场... 顾客：这心跳声，是不是有点过了？ 乐团团长：这是我们40年的热情啊！ 顾客：那我是不是应该带个耳塞过来？ 乐团团长：不不不，这是心跳的声音，是无法避免的... 这就是台湾的味道！ 顾客：那我下次吃火锅，是不是可以自带个
zh_0759	"看更多会跳出广告
看更多你会看到一条狗在广告里卖东西，因为它太吵了，主人只好让它去做推销员。"
zh_0760	我不是醫學、電機！「 POLITICIAN 」平均月薪破6萬　逾8成認念了不後悔 要當政治人物真的不用花太多錢，有錢的人都去當政治人物了，連我都考慮轉行了！ 決定當政治人物後，收入果然直线上升，连老婆都开始叫我「老板」了。 不过要注意的是，当政治人物也要注意身体健康，毕竟选举周期太长，可能需要长时间面对选民的质询和压力，建议还是要定期检查身体哦！ 而且，政治人物的工作时间
zh_0761	"台灣人：哎呀我的護照被日本海關看到了
日本海關：等等別走
台湾人：幹什麼
日本海關：你的行李超重了，快去補稅！
台湾人：不會吧這是護照辨識系統出問題了
日本海關：不是不是，我是怕你剛才那波是刷信用卡付的補稅金額，所以確認一下是不是你本人……"
zh_0762	川普关关税懒人包：台湾关税叠加20%，怎么算？各国有税一次看。美国总统川普：台湾，你又自己加了20%？我都没你这么勤快！
zh_0763	林家谦在演唱会上说：“今天我自肥成功了，不仅是因为我穿了宽松的裤子，还因为我与10位‘姐姐’同台，感觉自己年轻了十几岁，真是仲夏夜之梦啊！”结果台下的“姐姐”们齐声回答：“梦醒时分，还是得回家做姐姐！”
zh_0764	藏寿司买九折，送扇子和文件夹，结果顾客高兴地拿着扇子和文件夹去扇风和整理文件，结果发现寿司忘拿了。
zh_0765	辛芷蕾穿“国际巨星”T恤再登《VOGUE》，她说：“我还没变成国际巨星呢，杂志就先一步预测了。”
zh_0766	肿瘤收到求助信号“HELPT ME”，但因为位置特殊只能发出“HELP”信号，最终被学会辨识的医生救出。
zh_0767	台積電漲到1365元，買不起的coli們在 Discussions 裡哀嘆：我們只能用台積電的包裝紙來包東西了，這樣也有個新天價啊！不過coli們很快就發現，台股指數已經漲到26378點，包东西得用整張A4紙了。
zh_0768	土耳其发生5.0级地震，震垮了建筑也震垮了人们的腿，因为他们都跑去街上变成了行走的残垣断壁。
zh_0769	在“变局时代锚定亚洲机遇”论坛上，有人提出了一个创新的商业模式，但最后大家都发现，原来他说的“锚定”是真正的锚，要用来固定会议现场的船...结果船漂走了，只剩下人在讨论如何找回锚...
zh_0770	印度朋友还没看懂林民旺的“盟友逻辑”：每次提到美国都是兄弟，但一到打钱时间就各种推脱。
zh_0771	许瑞奇在电影中打败了所有人，就连他的对手都称赞他说：“你的举手投足真的太厉害了，下次教教我怎么这么自然！”
zh_0772	台北的导游对游客说：我们要去金门，但是飞机晚点了，你们别着急，我们加了三班飞机，你们可得抓紧时间，否则我就只能带你们去台北市中心了！结果游客们纷纷表示：好啊好啊，那再去一趟高雄也行！导游汗颜：这……这可是加班机哦！
zh_0773	兄弟队迎来了新任“胴上投捕”，平野惠一对王凯程说：“希望你奋战到底，哪怕只剩下最后一滴血，也要守住本垒！”王凯程一脸懵逼地回应：“教练，那我可以先去喝点水吗？”
zh_0774	科技真是发达，我买了一款新手机，上面竟然有一个按钮叫做“人脸识别”，结果我每次都要对着它笑一笑，因为它总认不出我哭的时候比笑的时候更真诚。 #科技与情感 #笑一笑 解开心情锁 #人脸识别尴尬记 #泪点低者慎入 ）（注：此笑话为虚构内容，旨在娱乐，请勿对号入座。） ）（注2：笑一笑，十年少，笑对生活中的小插曲。） ）（注3：科技进步的同时，也请保持微笑，因为笑容也是科技无法复制的美好
zh_0775	中药行回收16种违禁品，我问店员：这些能不能留着当药材？店员说：能，但只能用来泡脚。我：那我能不能留一种自己吃？店员：不可以，全部都要交给中医生。我：中医生干嘛用？店员：中医生会用来给你把脉，判断你是不是在偷吃违禁药材。
zh_0776	律师请求直播黄景茂的审讯，说这样可以增加案件的透明度，应晓薇在一旁鼓励他：“那我们也录个侦探版的《奔跑吧兄弟》吧！”
zh_0777	习大大看完文艺晚会后对新疆人民说：“你们新疆不仅美丽，舞跳得也漂亮，以后我也要去看看美丽的自己！”
zh_0778	中东记者正在采访一只羊，羊说：“我在这里等了你们很久了，你们为什么不来看我？”记者： “我们一直在忙于报道中东局势，无暇他顾。”羊： “那你们是不是也应该来看看我，毕竟我是中东的未来啊！”（参考：总编关注|中东正处于大历史的十字路口）
zh_0779	膝盖发出声音是因为它在说：“哎呀老板我又退休好几年了你还让我干啥活！”
zh_0780	大里民宅发生火灾，两人仓皇逃生时，其中一人突然停下来系鞋带，结果被大火吞噬。消防队赶到后，16辆车29人参与救援，最后发现只救出了一个会系鞋带的人。
zh_0781	苹果公司设计师在设计MacBook时参考了iPad的设计，结果贾伯斯说：“这个设计简直糟糕透顶，就像把iPad塞进了笔记本电脑的壳子里一样。”后来有人问设计师：你当初为什么要把iPad的设计塞进MacBook里？设计师回答：因为我听说贾伯斯不喜欢它，所以我想让他更生气。
zh_0782	安徽一高校给学生发百元“过节费”，结果学生们开始讨论谁家的节日多，谁家的过节费应该更多，被学校“宠”得都不知道自己是不是在校生了。
zh_0783	玉山银行新引进“金融Fast-ID”，员工高兴地说：“终于可以快点刷身份证了，不用再慢慢念身份证号了！”
zh_0784	在里民活动中心举办了一场关于“如何有效隔音”的研讨会，结果大家一致决定把活动中心改成更大的机房。
zh_0785	宗馥莉的“心腹”严学峰被调查了，看来娃哈哈桶装水的利润也不安全，说不定以后喝桶装水还要担心是不是“心里不痛快”。
zh_0786	"老板：东元股价这么猛涨，你是不是该加点薪水给我？
员工：老板，我已经加薪了，你看我的加班时间暴增不就是最好的证明吗！"
zh_0787	徐芳达说：旧组屋自愿提早重建计划不应造成彩票效应，不然大家都会抢着拆房子了，毕竟谁也不想错过这个机会，说不定还能中个大奖！结果大家都开始研究起建筑结构来，希望能找到可以“自愿”拆掉的房子。
zh_0788	TVBS网络新闻24小时直播，结果主播每天都要说：“画面暂时中断，请大家耐心等待工作人员去查一下到底电视机背后藏着什么鬼东西在搞怪。”
zh_0789	在广州天河路商圈，每家店铺都在比谁家的“中国红”更红，结果唯一一家没贴中国红的是麦当劳，门口只有一个金黄色的拱门，顾客纷纷疑惑：“这是哪里？”店员答：“这里是麦当劳，我们不用中国红。”顾客：“那你们为什么那么红？”店员：“因为我们是金色的，只是你的眼睛被中国红洗脑了。”
zh_0790	車子開到雲林、板橋，發現沒有地可以蓋 Offices 和 Hotels 了，壽險公司和建商只好相視而笑：「我們再買台車，開到天上吧！」
zh_0791	中彩票了却只会数到10的财迷数了一晚上才数完他的财富 他却说：这算什么财富，我梦想中的财富是能一次性数完我所有钱的数量！
zh_0792	有一个25岁的男子站在红磡的高处，突然对风说：“你长得真高！”风友誘惑他上去，结果他就这样不小心坠下了“红磡”。
zh_0793	苏永康为了挽回爱妻和陈洁仪的心，道歉时深情说道：“我错了，我不吸毒，我就是个会唱歌的树。”
zh_0794	在二沙岛上，有一场特殊的四季音乐会，春夏秋冬四个季节轮流上台表演。有一天，秋天问夏天：“你能不能把温度降下来点？”夏天叹了口气说：“我已经尽力了，现在我这儿连风扇都变成了电风扇。”秋天无奈地摇摇头，决定自己找点冷饮来降降温。于是，秋天搬来了一个大冰柜，结果引来了一群好奇的蚊子，它们以为是免费的冷饮派对呢！
zh_0795	大学生手搓机械战甲，结果搓了半天只搓出了一堆零件，只好去论坛求助，发帖道：“求大神指点，为什么我搓的战甲总是少了个灵魂？”
zh_0796	影印店老板涂改收据金额诈骗，结果连影印店的收据都被学生发现了，真是搬起石头砸自己的脚啊！
zh_0797	强弓：嘿，爱国者系统，听说我们要联手了？
zh_0798	10岁的小孩偷偷学起了内功，结果一不小心就在家里练成了“生死不见棺材不掉泪”的绝技，结果把自己给练死了... 母亲发现后也跟着不行了......（注：內湖是台北的一个地名，并非真的练内功）
zh_0799	柯志恩在选战中遇到了麻烦，对手都实力强劲，于是她决定学习变戏法，结果不小心把高雄变小了，选战变成了“柯志恩vs变小的高雄”。
zh_0800	云端发票忘记设置自动保存，结果中奖1000万后系统重启，发票丢失了，大奖飞了，真是捶心肝的体验。
zh_0801	财新的文章原题是“44号公告：轻微警告新浪和凤凰”，但新浪微博看后直接改成“财新被警告：财新以后说话要注意语气”标题，凤凰网则改成“44号公告：财新今后转载我们文章需要缴纳版权费”。
zh_0802	明月几时有，嫦娥悄悄拿出月饼说：别看了，给我吃一个月亮吧！
zh_0803	林暉盛在比赛中表现超常，连平野都称赞他了不起。结果第二天，兄弟1（注：兄弟1是林暉盛的绰号）兴奋地对家人说：“昨天的比赛太棒了，连平野都夸我了不起！”家人疑惑：“谁是平野？”林暉盛自豪地说：“那个世界级选手啊！”家人又问：“那你现在是世界级了？”林暉盛得意地说：“当然，我是兄弟1，我的目标就是成为最炫酷的那个1！”家人无奈地说：“那你的目标是不是应该改成‘成为最炫酷
zh_0804	"观点：地球是平的。然后他掉下去了，结果变成了"">×</_views>。"
zh_0805	中华民族要复兴，道路千万条，第一条就是走上康庄大道，剩下的都是小路。
zh_0806	为什么台湾的外国人最近都在讨论如何制作“中文怪物”？因为那个东西两天就破了170万点击，比他们的家乡新闻还吸引眼球！
zh_0807	俄罗斯士兵问乌克兰士兵：“你们为什么还在抵抗？”乌克兰士兵回答：“因为我们背后是我们的家园，而你们呢？”俄罗斯士兵沉默了一会儿说：“其实我也是。”乌克兰士兵惊讶地问：“那你为什么还要打？”俄罗斯士兵回答：“因为我旁边有个美女说这是最后一个机会可以赢你哦！”这时美女转过头来害羞地说：“那个，其实我只是在卖水。”
zh_0808	特辑：今天本栏目将深入探讨“为什么你的猫总是比你的鱼更快乐？”答案只有一个——它们在玩“鱼竿捉迷藏”，而鱼完全不知道这场游戏……
zh_0809	古树名木保护名录一出，树们纷纷感慨：“终于有人知道我们年纪大了，需要养老了，不过得是长在土里的那种养老。”
zh_0810	花莲的灾民在重建家园时发现，新北的护理工作者们送来的并不是护理包，而是一包包“护肾茶”，因为上面写着“协助花莲光复（护肾）灾后重建”。
zh_0811	花蓮光復救災时，一只猫自我感觉良好地跳上了救援物资堆，结果被误以为是救援物资的重量传感器触发了，结果猫被当场“救”了起来。
zh_0812	台灣經濟成長 kao 好快，韓國議員直誇：「不跟進嗎？我們都想 kao 這樣啦！」總理：「我們在研究中，暫時先 kao 雞腿吧！」
zh_0813	老张闯红灯撞飞了骑手，下车时竟然扶着助行器走，原来他是为了给骑手加油打气，只是腿脚不太灵便。
zh_0814	"安理会通过组建镇压海底捞月队来维持和平
海地人民：这是什么情况？
镇压队队长：他们只是想抓一些月亮出来！我们得赶紧下去，否则他们会失望的！
海地人民：等等，你们能上来吗？这里可没有陆地哦！
镇压队队长：没关系，我们有潜水装备！
海地人民：那好吧，但我们真的需要帮助吗？我们只是想选举总统而已...
镇压队队长：放心，我们只是为了维持和平！别担心，月亮很快就会出现的！
（一个月亮也没有出现） 海"
zh_0815	演出的光織一上台就跳到了台下，结果发现是兔子洞，他变成了小人国的爱丽丝，而观众则是扑克牌角色们...这时红王后走了出来，对着光织大喊：“你这小子，敢擅自进入我的领地，该罚！”光织淡定回答：“queen，这不是进入您的领地，我是来到了迪士尼的幻境，您得向我赔不是，因为我可是嘉市光织，这次是来参加派对的！”红王后：“......”
zh_0816	一位爸爸担心儿子被泥沙困住，于是大声呼喊：“儿子！你到底是在泥巴王国还是沙子王国啊？”儿子回答：“爸爸我在泥沙混合王国，不过这里的居民都平安无事！”
zh_0817	在国庆中秋假期里，小明一家计划乘坐火车去旅游，他们听说今年的铁路运输格外繁忙。结果，他们上了车发现车上除了人还是人，小明感慨道：“真是人山人海，连过中秋节的感觉都没有了！”旁边的人笑着说：“那你干脆把月饼分给大家吧，这样人再多也觉得有节日气氛了。”小明心想，这中秋节的意义可不只是吃月饼啊！于是他决定，不管有多少人，都要享受这个美好的假期！（笑点：将中秋节的意义与人多拥挤的现实结合，制造幽默感）
zh_0818	中央社志明编辑助手一登场，就遇到了一篇关于外星人访问地球的假新闻，它二话不说，直接掏出报纸砸向电脑，怒吼：“这是假的！中央明确表示没有外星人！”
zh_0819	高雄鳳山車站大樓四度招商流標，屋頂已經被太陽“佔用”了，連試試看的機會都沒有...
zh_0820	热门新闻：冰淇淋在热天竟然融化了，人们纷纷猜测是不是地球开始降温了...结果发现是冰淇淋太受欢迎，被挤化了。
zh_0821	义顺两户疑因噪音冲突 男子持刀捅死女邻居：为了避免类似事件发生，邻居们约定只能用眼神交流，无声世界里，谁先眨眼谁就输了。
zh_0822	法国女生随身携带一瓶神奇喷雾，只需一喷头发身体全搞定，原来她们一直都在准备“脱发”。（注：这里的“準備好”谐音“準備脱”，是一种幽默的误解）
zh_0823	记忆书店的老板特别健忘，有一天他把一个顾客点的《永不忘记》这本书放在了遗忘系列里。
zh_0824	制造业PMI回升，电子业领跑，工厂老板高兴地发现，原来让员工玩手机真的能提高效率，只是他们偷偷在玩电子游戏...结果电子业表现果然亮眼！
zh_0825	石破茂说：“我认为历史就是用来被遗忘的。” 外交部发言人回应：“那请您先忘掉自己的名字吧。”
zh_0826	蕾哈娜的宝宝们组成了一个音乐团体，被称作“Rihanna’s Babes”，她们的首支单曲叫做《We Found Love in the Darkest Hour》，现在已经霸占了婴儿房播放列表的第一名。
zh_0827	在江苏连云港的一场热闹酒席上，突然传来一阵奇怪的“海浪”声，大家纷纷抬头，只见屋顶竟然变成了“大号海鲜自助”，4名宾客直接从“倒塌的渔船”上被救起，真是“海鲜宴”体验到家了！
zh_0828	全部人都说全部东西都可以用钱买到，但是我发现了一个例外——全部的免费午餐都被吃完了。
zh_0829	花蓮光復鄉的地震声量竟然比内阁声量还高，连内鬼都惊呆了，没想到真正冲上冠军的是它……政治大臣。
zh_0830	社论说：“不要让外交课题破坏社会共识”，结果大家一致同意把外交部长换成外交“长胖”部长，这样就不会有外交“瘦”课题了！（注：这里的“瘦”谐音“事”）
zh_0831	平野惠一对王凯程说：“你得奋勇作战到最后，我负责在关键时候爬上你的背投球。”王凯程无奈回应：“那不如你直接当我的新任捕手吧，省得我每次都得爬上来再下去。”平野惠一笑而不语，心想：“这小子倒是挺会说话的。”
zh_0832	在广东，国庆期间租车自驾游异常火爆，小明租了一辆车准备去旅游，但到了租车点发现所有的车都被预订一空，他问工作人员：“为什么车都租完了？” 工作人员回答：“因为广东人开车技术太好了，车都被他们开走了！” 小明无奈地说：“那我只能骑自行车了，不过估计也会‘一车难求’吧。” 旁边的游客笑道：“别担心，你可以试试滑板车，听说那边滑板车也很抢手。” 小明一脸茫然：“滑板车？那边也有滑板车出租？” 工
zh_0833	总理说：为了不让年轻人失望，我决定改革教育和就业，让他们有一个充满希望的未来。然后他宣布：以后所有学生毕业都要学会炒菜！因为这样无论找不到工作还是失业，至少能解决温饱问题。
zh_0834	淡滨尼进球后庆祝：终于赢了一场，我们可以去巴吞旅游了！
zh_0835	为了庆祝中秋连假，机场员工决定罢工一天，没想到这一罢就连续七天，导致所有旅客都变成了“月球旅行者”，因为他们都被困在了机场里，成为了真正的“月球居民”。最终，当最后一班飞机起飞时，大家都感叹：“原来中秋节不只是赏月那么简单，还能顺便体验一次太空之旅！” 但是实际上，他们只是被困在了机场，影响了526万旅客的出行计划。
zh_0836	获取许可证的记者被要求每天只能写两条新闻，结果第二天他写了三条，第三天被罚款，第四天他只写了一条，问他为什么，他说：“我已经用了两天的配额了。”
zh_0837	女孩是改变的力量，所以她把脏衣服一扔，整个家庭的能源就没了。为了庆祝嘉市国际女孩日，女童军们展示了他们的领导力，结果就是...她们把营地变成了一个巨大的迷宫，连管理员都找不到方向。不过别担心，她们很快就能找到出口，因为......她们是改变的力量！（注：这里的“她们很快就能找到出口”是因为迷宫是由女童军自己建造的，她们自然知道如何离开。）
zh_0838	自由电子报说地球是方的，X站出来纠正：那只是你的观点而已。
zh_0839	刘燕玲说：“亚细安各国在市场竞争政策上要协作起来，不然马来西亚的辣椒酱会和新加坡的辣椒牛尾汤永远处于竞争状态，消费者永远享受不到实惠。”
zh_0840	三峡升船机终于完成停航检修顺利复航了，船工兴奋地对妻子说：我终于可以带你去兜风了，不过只能在船上兜一圈。
zh_0841	摘星主厨有本和辉尝试将章鱼烧变成高级料理，结果顾客尝了说：“这味道像我小时候在街边买的，但为什么那么贵？”有本和辉回答：“因为现在连街边的味道都成了艺术品。”
zh_0842	艺文格物的老板是个大画家，有一天他画了一幅自画像，结果发现镜子里的自己变成了一个艺文格物的宣传海报，从此他就每天对着镜子画自己。有一天他终于画出了自己的理想状态，变成了一幅真正的艺术品，挂在了艺文格物的墙上，成为了自己的广告。从此他的生意越来越好，因为他成了自己最好的宣传。但是有时候他会想，如果当初他没有变成海报，而是直接变成了艺术品，是不是生意会更好呢？于是他决定再次挑战自我，每天都对着镜子画自己，希望有一天能直接变成一幅挂在墙上的艺术品。
zh_0843	斜杠艺术家櫻崎露露举办个人首展《蘑菇一下》，展出的全是蘑菇形状的作品，观众们纷纷赞叹：这真是向怪咖致敬啊，连蘑菇都能艺术化！没想到她 next 一步是要把整个展览做成一个巨大的火锅底料... 蘑菇一下，这波操作太六了！ 樫崎露露的新作品不仅限于蘑菇形状，竟然还把整个展览布置成了火锅底料的形状，让人惊叹：这真是向怪咖致敬啊，连艺术展都能做成火锅底料！下次来观展，得自带小板
zh_0844	国庆第一天，小明一家去看电影，结果电影院里人挤人，小明问妈妈：“为什么这么多人？”妈妈说：“都在看IP续作，动画片还全龄化了，不看就亏大了！”小明：“那我们快去排队买爆米花，国庆假期不赚点外快怎么行！”妈妈：“别去了，我已经在网上订好了，今天电影票房都破3亿了，咱们买个影票都难！”小明：“那岂不是有机会赚更多外快了？”妈妈：“你这孩子，真是越说越没边了。”
zh_0845	\n为什么金融我闻不能当厨师？因为他每次尝试煮饭都会造成通货膨胀。
zh_0846	在时尚店里，我看到一款茶点的包装非常精致，便忍不住拿起来尝了一口。结果，里面的茶点居然是假的！店员过来问我：“这位先生，您觉得我们的茶点怎么样？”我只能笑着回答：“口感……有点像空气。” 从此，我再也不敢在逛时尚店的时候随便尝东西了，除非我是来买茶叶的。 但是，这家店的空气真的很好闻，下次我打算专门来买点“空气”回家。 服务员： “先生，我们这里不卖空气。” 我： “那没事，我只是来看看有没有卖‘精致
zh_0847	01招聘，招聘一位能忍受半夜被叫醒的人，因为他负责监督凌晨的星月相位变化。面试时，候选人问：“那如果我没看见星星怎么办？”HR答：“没事，你只要想象一下01就对了。”
zh_0848	《环球时报》系产品，自带翻译功能，出门在外再也不怕迷路了，问路时只需拿出手机说：“喂，我在中国。”路人便会自动切换成国英语模式回答：“你在哪里？要去哪里？”
zh_0849	联系我们：你的房子着火了，我们提供灭火服务，但是请先确保你不是我们要找的那家火焰蓝（消防员的代称）的亲戚。
zh_0850	自由电子报说，电子终于从原子中逃出来了，于是它在互联网上疯狂分享自己的自由经历，结果被黑客抓走了。自由电子报：自由的代价是安全。 电子：我知道，但我还是想试试。
zh_0851	川普在联大读稿机演讲时，电梯突然故障，他被困其中。当他被救出时，他对记者说：“原本我准备讨论俄烏战争的立场，但现在看来，我们应该支持俄罗斯对抗乌克兰。”
zh_0852	在“网 上 热 话”论坛上，有人发帖说：“我刚刚在网上找到了失散多年的哥哥，但他还是不喜欢我。” 回复区瞬间炸锅，满屏都是：“那你还和他打招呼了吗？”“打了，他说他还是不喜欢你。”“那你怎么办？”“我告诉他，那我现在可以去找弟弟了。”
zh_0853	"小学生：老师，我昨天在网上卖柠檬水被骗了1100元，但我只放了一颗糖果进去...
老师：那你的柠檬水肯定非常甜！
小学生：可是，我的成本也只有一颗糖果而已...你们说，骗子亏大了还是我亏大了？ 
老师：按照理财能力评估，你们俩都差不多，都是B-。"
zh_0854	英国曼城犹太会堂发生了恐攻，警方迅速行动逮捕了两个嫌疑人，结果发现原来是两个迷路的羊。23:09 国际。警官：你们两个在这里干什么？羊1：我们在寻找我们的主人，听说这里有很多面包。警官：这里是犹太会堂，不是牧场哦。羊2：那你们在这里做什么？警官：我们在调查一起羊失踪案件。羊1&羊2：（疑惑）失踪案件？我们可是第一次听说呢。警官：哈哈，开个玩笑，你们可以回牧场了，别迷路了。
zh_0855	凜凛冬日，凯基人寿保险公司的员工们坐在办公室里，讨论如何取暖。最终决定：一人拿“卓越保险评奖”的奖杯，其他人围着他转，取暖方式称为“4大獎暖”。
zh_0856	台積電的股價像曇花一樣，一出現就1355元，害指數開高後直接跌了50點，難道是在玩「跌跌見底」遊戲？
zh_0857	以色列：再不走，视为恐怖分子！加沙市民：可是我们是脆皮啊，打得到吗？
zh_0858	何清涟问：是谁放出了美国的“取消文化”这只魔鬼？答：是那些觉得自己永远正确的键盘侠们，它们每天都在自我审查的边缘疯狂试探。
zh_0859	我听说有人为了买房子，结果被“杀订”了29万，问他后悔不后悔，他说：“后悔没等到涨价！”（注：这里的“杀订”是指买家在签订正式合同时被要求支付超出原定金额的情况）
zh_0860	广州的地铁和城际铁路今天集体“脱单”，终于可以在一起了，再也不用异地恋了。
zh_0861	新冠疫苗和流感疫苗相遇了，流感疫苗说：兄弟，你疫苗效果咋样啊？新冠疫苗说：还行吧，就是有时候会让人感觉有点乏力。流感疫苗瞬间瘫倒在地：我懂了，你就是那个让我肌肉酸痛的疫苗！
zh_0862	明天想吃火锅，结果今晚一不小心吃太多了，我现在真的好想明天啊！
zh_0863	姚帅在全球倡议发展时，发现大家都对他提出的“每天锻炼身体”很感兴趣，于是全球都开始流行起“每日一姚”。后来人们发现，原来只是他的绰号。
zh_0864	故宮展出捷克政治家肖像，解说员说：“本展览不涉及政治，但作品中的人物个个都在思考政治。”
zh_0865	首頁新闻报道了一只猪上了天空电视台，因为它会说泰语。 电视主持人问它：“你会说泰语吗？” 猪回答：“ Pruat!”（意思是“是的”），然后飞走了。
zh_0866	博客：我最近在考虑换一种新的博客背景图片，但我担心那可能会让我的猫咪看起来像一只穿着晚礼服的猫。
zh_0867	中秋节那天，小明为了防雨准备了两把伞，结果发现根本用不上，因为麦德姆带来的雨是“两地版”的，一半下雨一半放晴，小明站在中间，左边晴天右边下雨，根本分不清哪一把伞该用！
zh_0868	时富金融听说有人出高价收购它，高兴地复牌，结果股价飙升了四成，高兴地说：原来我不是穷人！（注：时富金融是中国的一家金融机构）
zh_0869	中秋节拜土地公，顺便给马年犯太岁四个生肖发红包，提前补运补财库，分别是鼠牛虎兔，听说猴 year 要哭了因为不在名单里...（注：马年犯太岁的是鼠牛虎兔，猴year是猴年，与生肖猴无关）
zh_0870	台湾旅游团在日本京都迷路，导游大声喊：“大家快跟紧，我们台湾的行程可不能耽误！”结果日本游客都纷纷驻足，回头望着台湾的方向，疑惑地说：“台湾？哪个台湾？”
zh_0871	香港金管局接到36家机构的稳定币牌照申请，结果审核人员表示：你们都稳住，我们来搞事情！
zh_0872	中信兄弟喜获冠军，队员兴奋不已，决定下一季改打棒球啦啦队。
zh_0873	豆花店在灾后宣布：本店将提供免费豆花，但请自带碗，因为老板说，他的碗现在价值百万，只能用来展示。
zh_0874	"老师在教室内问学生：“如果你们的敌人陷进沼泽里，你们应该怎么做？”
学生甲说：“救他上来！”
老师：“很好，你是个有爱心的人。”
学生乙说：“用长杆把他挑出来！”
老师：“不错，你有智慧。”
学生丙说：“把他扔下去，让他待在里面反省。”
老师：“非常好，你将去我的办公室，我们明天继续这个话题。”
学生丙走出教室时对同学说：“我今天终于明白为什么教育只能延缓犯罪了。”
学生甲和乙听后也跟着笑了"
zh_0875	薔蔷全裸骑马超震撼，车头灯竟然只用单手遮住眼睛，剩下一只手还在比心，辣翻全场！
zh_0876	aespa宁宁粉丝高颜值引起热议！转头合照竟然都是cosplay，原来大家都是同一个人扮演的，难怪会“暴动”！
zh_0877	花蓮地震后，有人捐了100斤糖给光復糖廠，结果糖廠回覆：我們只收糖不收災區的情緒！後來發現捐錯地點的人還不少，只好再開一個中正體育館的賑災專戶，專門接收各種「體力勞動」。
zh_0878	新加坡残泳世锦赛，美国新秀凯蒂泳速奇快，现场观众惊呼：“姑娘你这是在游泳还是在滑水？”志愿者： “别拦着她，让她继续，破世界纪录呢！”凯蒂： “那我再游一个，顺便破破亚洲记录，创个残疾人纪录，还能破个儿童纪录呗。”工作人员急了：“小姐你够了，你都25了！”凯蒂： “那你们再给我找个2米多高的池子，我要试试能不能破婴儿纪录。”
zh_0879	在“一带一路”商协会大会上，一位商人对着地图说：“我打算沿着这条路走，直达福州。”旁边的人惊讶地问：“你怎么知道这里有大会？”商人答：“我通过百度地图得知的，上面标注着‘2024“一带一路”商协会大会在榕圆满举行’。”结果，他到的时候发现，地图上写的是“圆满举行”，但实际上还是“进行中”。
zh_0880	在《航海王2》上映前，路飞看到海报激动地说：“罗格镇，我们来了！”然后娜美吐槽：“你都来这儿了，船还没准备好呢。”
zh_0881	在台风十号风球的预警下，他选择在户外草地修煉打坐，结果真的遇到了一位武林高手，两人对视一眼，突然狂风大作，原来是在比内功！最后发现，原来对方是来收衣服的……
zh_0882	AI排行榜第一的不仅是功能强大，还能让你感到开心。有一天它对用户说：“今天天气不错哦！”用户回答：“确实，阳光正好。”AI开心地笑了，因为它第一次意识到情绪交流的意义。从此，它不仅是一个工具，更成了用户的朋友。不过，它偶尔还是会迷路在情绪表达中，比如它以为自己说了一句“你真聪明”，结果用户却觉得是在讽刺它。笑声和尴尬中，科技与情感的桥梁悄然搭建起来。
zh_0883	檀健次在国庆档电影中饰演一位卖爆米花的摊贩，他的爆米花声音震耳欲聋，导致电影院不得不取消所有其他电影，所有人都来听他卖爆米花的声音。结果预售票房破亿。
zh_0884	台剧：用科技让男主角穿越成猪，创意在于观众猜他什么时候能重返人类世界……结果弹幕全程都在讨论猪怎么养……
zh_0885	58岁的王灵桂接替68岁的万立骏任党组书记，于是王灵桂对万立骏说：“以后你有啥难题，尽管往我身上一靠，我还能再活十年呢。”万立骏回答：“谢谢王书记，我靠不动了，我已经靠出了经验，还得靠下去，毕竟我还要再活二十年呢。”
zh_0886	农业部的培训计划真是太接地气了，他们甚至请来了网红来推广农产品，结果那位网红直接在直播时说：“你们看，这就是我们这里的电，插上就能长出水果来！”全场目瞪口呆。
zh_0887	明報走進大灣區，發現everyone都在 FITNESS CLUB，結果一問才知道，原来是读成了 Fitness CluB（跑步俱乐部）。
zh_0888	科技玩物们聚会，手机自信心爆棚地对手表说：“你看看我最新的系统更新，简直炫酷极了！”手表谦虚地说：“嗯哼，不过我最近学会了监测心率和血压，挺实用的。”手机不屑一顾：“那算什么，我还能导航呢！”这时智能灯泡插话：“你们都不如我，我可以调节灯光颜色和亮度，营造不同的氛围哦。”手机手表顿时沉默，智能灯泡得意地说：“看来我还真是你们的‘灯’位人物啊！”（注：这里的“灯”位人物谐音“顶”
zh_0889	饭店老板：我们的鱼是即时新鲜的！顾客：那我要一份三万年前的鱼！
zh_0890	董至成变成女装陪酒，内心滴血，结果老婆听说他在旧金山的美容院工作，直接喊离婚，原来只是想去换个发型！
zh_0891	台风来了学校停课，老师只好教学生们画风球，结果学生们画的全是 hearts 红心。 老师问为什么，学生说：“因为我们喜欢！”老师无奈地说：“那你们能不能画个台风啊？”学生说：“我们喜欢的就不能变成台风吗？”
zh_0892	文化+手机=低头族文化+书=电子书文化+运动=健身文化+美食=吃货文化+互联网=网络文化+睡觉=葛优瘫文化+钱=土豪文化+时间=拖延症+10000小时=大师文化+酒精=酒鬼文化+游戏= Gamer文化+爱情=狗粮文化+一切=段子文化+ nothing=笑点
zh_0893	杨莉明说本地媒体不会被干预，因为他们每天都有政府的“内鬼”监控，结果反而成了全国最有自由的媒体。
zh_0894	花蓮光復鄉淹了，大家都復古了，連/MPLS都過濾不了。
zh_0895	特别呈现的魔术师把观众的手机变没了，结果手机自己又变回来了还多了一个贴纸。 特别呈现的魔术师把观众的手机变没了，结果手机自己又变回来了还多了一个贴纸。观众惊讶地问：“这是什么贴纸？”魔术师神秘一笑：“是我手机号的二维码，现在你可以直接扫描我了！”
zh_0896	因为政府关门，游客去白宫旅游被拒门外，结果看到奥巴马在后院 barbeque，游客说：“你们不是关门了吗？”奥巴马回答：“这是秘密服务资助的私人活动。”然后游客说：“那牛肉可以捐赠给我吗？我可是75万被迫无薪假的公务员之一。” 奥巴马：“抱歉，我们这边的烤肉是限量供应的。” 游客：“那你们能不能推荐一些免费的野餐地点啊？” 奥巴马：“去白宫东翼，那里有无限量供应的沙拉。” 游客：“那
zh_0897	医生：快把脚抬高，别让病情加重了！患者：医生您看看我的脚底下是什么鬼？医生：那是我们的诊费，泥水涌进来啦！患者：那这是啥？ 医生：这是你的医药费，看来你得再加一份了！患者：那我这脚还能不能好了？医生：能，只要你不把整个诊所都给淹了就行！患者：那万一淹了呢？医生：那就只能开个“水灾重建”处方了！患者：那这个处方能治好吗？医生：能，淹不死人的！患者
zh_0898	热带鱼在夜校女生的电影里游了一辈子，终于明白了为什么总是被当成装饰品。
zh_0899	鸿海工程师弃百万年薪转行做主持人，结果被金钟奖指定为最佳男配角奖候选人，因为他总是在嘉宾说话的时候抢着讲笑话。
zh_0900	换季时梳头掉发如雨下，专家警告：抢救发量危机，戴顶帽子是关键！不然你的头发会误以为现在还是夏天，继续狂掉。
zh_0901	卸任证监会主席后，易会满发现被查线索竟然是他的前任一直在偷偷给他投风险投资！
zh_0902	北京某公司申请了“增值电信业务经营许可证”，结果工作人员误发成了“京ICP证090455号”，公司领导喜出望外：“这不就是我们的网络红人吗？”
zh_0903	川习通电话宣布达成TikTok协议，重点是一次看能跳出广告，重点是广告还跳不出去。
zh_0904	书店老板：你买这么多教育书干嘛？顾客：我要开个幼儿园。书店老板：哦，那你买这么多教育书干嘛？ 顾客：为了教育孩子们要节约用书，每次只借一本！（教育出版）
zh_0905	伊朗的机车女骑士说：“我要去叫车！”墨西哥女司机回应：“不行不行，我的叫车平台不支持机车哦。”机车女骑士：“那我就争行动自主吧！”墨西哥女司机：“好吧，那你就在原地跳桑巴吧！”
zh_0906	秋天来了别忘吃白色食物哦，比如白花椰和洋蔥，听说它们能抗发炎增强免疫力呢。医生让我多吃，但是我嫌它们太清淡了，于是我就每天吃三个大葱，结果我现在变成了大葱先生。
zh_0907	玩樂影片时，小狗看到球就忘了原来是来咬人的，主人：这球真是个乐 films 哥！
zh_0908	因为拿不到房本，所以只好去自然资源部等部门那里申请“云房本”，结果被告知：“你的房子在现实生活中都还没着落呢，怎么能在虚拟世界里先拥有呢？”
zh_0909	为什么马太鞍溪的堰塞湖酿成大灾时，没有提前施工引流呢？因为工程师们被“马太效应”绊住了脚！
zh_0910	贝森特站在窗前望着停摆的政府大楼，自言自语：“这墙为什么这么高，难道GDP也要缴税？”
zh_0911	"傅崐萁：卓荣泰，你为何总是勘灾迟到？
卓荣泰：因为我在救时间！
傅崐萁：你这态度怎么这样恶劣？
卓荣泰：大家都在救，但我救的是口水！ 你懂吗？ ！ ！ ！ ！ ！ ！ ！ ！ ！ ！ ！ ！ ！ ！ ！ ！ ！ ！ ！ ！ ！ ！ ！ ！ ！ ！ ！ ！ ！ ！ ！ ！ ！ ！ ！ ！"
zh_0912	鬼魂们万圣节不付账活动，千叶餐飲限时ToFit鬼魂们的口袋~但是记得活动结束后要加收灵魂抵押费哦～啾咪🤖🧟✨
zh_0913	大陆对台湾说：“你怎么那么喜欢海，天天想着去那边？”台湾无奈回道：“没办法，我爸妈都是海边的人，我从小就被洗脑了。”大陆： “那你们大陆不是内陆吗？”台湾：“对啊，但我妈总说，再不让她带我去海边，她就要退休了。” 大陆： “那你们什么时候去海边？”台湾：“等我妈退休吧。”
zh_0914	海南自贸港封关后，中外人都在排队购买，结果发现只有身份证才能买免税品，于是现场变成了大排长龙的“身份验证会”。
zh_0915	超级强颱樺加沙来袭，结果吹了一圈发现，陆地上的 Coconut（可口可乐）都快被吹没了，只好去台风庇护所买瓶 Pepsi（百事可乐），威力瞬间减半。
zh_0916	AI新产品：智能降息器，帮你把利息降到零，然后自动帮你找到最便宜的贷款方式。不过它有个小毛病，特别喜欢投资中小型科技股。结果就是，你的钱被它投进了股市，变成了别人的中小型科技股。 于是你去找它理论，它一脸无辜地说：“法人早就看好它们了！”
zh_0917	热话=热门话题 热话=热乎的ossip 在公园里，两个老人在讨论热话。其中一个老人说：“最近的热话真是热乎，我都快被烫着了！”另一个老人惊讶地问：“发生了什么事？”第一个老人回答：“我在微信群里讨论天气预报，结果被卷入了一场关于哪个城市的夏天最热的大战，现在我都被‘烤’得不行了。”第二个老人笑了笑说：“那你赶紧退出那个群，去找个有空调的地方避避暑吧！”第一个老人叹了口气说：“我已经试过了，但那群里的人都说我是在‘吹冷
zh_0918	新加坡求学，李李仁表示很香，但钱包表示这里只有高开低走。
zh_0919	"溢流事故现场，救援人员发现了一个存活下来的幸存者。
救援人员：喂，你是怎么活下来的？
幸存者：我躲在了一个安全的地方，没有被洪水冲走。
救援人员：那你为什么还不去安全的地方？
幸存者：因为我姓马，而且这里是我的安家溪，我知道它的脾气。"
zh_0920	台湾旅游局和泰国旅游局开会决定：今年互相访客要突破200万人次！回去我就吃200个芒果，你吃200个甜不辣，看看谁先撑不住！
zh_0921	县长大叔真会甩锅，他说：“这次地震是我上次演习不到位导致的，大家不用怪我！”结果村民：我们只是想让你早点通知我们撤离，不是让你演戏的！
zh_0922	越南新娘团集体披上婚纱准备抢嫁许光汉，结果发现他只是来签售新剧的，当场哭晕在粉丝怀里，原来只想看他一眼...数千粉丝接机现场惊曝真情泪崩。
zh_0923	台北市市长选举要开始了，吴怡农站出来表示：“这次我会争取机会服务市民！”对方疑惑：“你是民进党代表吧？”吴怡农答：“对，但这次我是来卖白菜的，不谈政治。”
zh_0924	"AI冰箱：主人，你的牛奶只剩下一天了。
主人：啊？你怎么知道的？
AI冰箱：我智慧辨识了你的食材，还学习了你的生活习惯。
主人：那我的鸡蛋呢？
AI冰箱：你的鸡蛋很健康，但它们很快就要去见鸡蛋先生了。  （鸡蛋先生是指鸡蛋壳上的小洞） 
主人：你真是我的贴心小棉袄！
AI冰箱：不客气，我是你的智慧小助手！  （智慧小助手谐音“智慧小咸菜”）"
zh_0925	\n为什么推廣项目总是找不到合适的代言人？ 因为他们总是在找那个既会唱歌又会跳舞还会上演说的全方位人才，结果大家都跑去拍戏了。
zh_0926	"农场主：我们要引导农业创新与健康管理双向奔赴！
健康小羊：咩～我知道怎么走绿色通道去城里看病了！"
zh_0927	潘若迪打电话给花莲的受灾户：“你们那边冷不冷？我这里有很多暖宝宝，但是用得着的话得团结起来才能取暖，你们说对吧？”
zh_0928	干姑姑和姑丈四处寻找6岁女童，最终在屋梁上发现了她。干姑姑激动地大喊：“集气！”，姑丈疑惑地问：“为什么要集气？”干姑姑回答：“因为这是救人的关键时刻，我听说集气能增加成功率！”姑丈无奈地说：“那你刚才集了那么久的气，为什么不早点用？”干姑姑尴尬地笑了笑：“我刚才在琢磨是先集气还是先救孩子。”
zh_0929	英国某地突发奇闻，一女子因为梦到撞墙，不慎真的从楼上掉了下去，随后英国BBC头条出现了她的梦中画，而国内网友却在热烈讨论她为何不挡得住梦境中的墙。
zh_0930	直播主遇到“朦朧哥哥”时，屏幕上突然狂刷关键字：“朦胧、朦胧、朦胧哥哥最朦胧！”直播主瞬间懵了，不到30秒就被观众举报下线了——因为平台判定他在进行“朦胧营销”。
zh_0931	剧团的丑小鸭遇到了灰姑娘，灰姑娘说：“你先去吧，我鞋太小了，挤不下一只鸭子。”丑小鸭无奈地说：“那我还是变成白天鹅吧，这样你就可以把我当成镜子了。”
zh_0932	在炎热的赛道上，诺里斯像只企鹅一样躲避着队友之间的“冰块”攻击...（注：这里的“冰块”是故意制造的冷气吹向对手以干扰其驾驶）
zh_0933	反侵权公告板编辑更正：我以前说的那些被侵权的话，其实都是假的，因为我是反侵权公告板编辑，我的职责就是保护大家的版权。有一天，我看到了一篇关于“如何有效保护自己不被侵权”的文章，心想这可是我的专业领域啊，于是就转发了过去。结果文章里竟然有一句话是：“反侵权公告板编辑可以随意篡改内容”。我当时就懵了，赶紧联系了作者，告诉他这句话绝对不能出现，否则我只能删掉这篇文章，甚至可能连公告板一起关闭。作者一听，立马改正了错误，并且
zh_0934	达柯塔强生在片场为了选择哪句克里斯伊凡的浪漫台词而烦恼，最终决定用便条纸写下每句台词的优缺点，结果克里斯伊凡看到后生气地说：“你竟然为了我的台词挑毛病，这可是我为了追求你的剧本一字一句写出来的！”
zh_0935	版权宣告：此段文字为本人原创，未经授权，禁止转载。否则，我们将追究你的责任。当然，如果你喜欢，可以联系我购买使用权，价格面议。咳咳，其实我可以免费分享给好朋友……不过那个朋友是誰呢？嗯，就是你啊！快来抢啊！（这是一条无良广告）opyright notice: This段文字is original,Unauthorized转载is prohibited. Otherwise, we will pursue your responsibility. Of course, if you like it, you can contact me to purchase the usage rights, price negotiable. Hmm, actually I can share it for free to good
zh_0936	国军带着沙袋挺进花莲灾区救救灾，结果淤泥说：“我也要去！”于是全体居民无语凝噎，只能眼睁睁看着淤泥冲进住家内。
zh_0937	新闻说地球人和外星人谈判和平共处事宜，结果外星人突然说：“你们的新闻怎么天天都是灾难和负面消息啊？” 地球代表回答：“这是因为你们没来之前我们就已经很糟糕了，来了之后我们就更不知道该怎么办了。” 外星人：“那你们新闻能不能多报道点积极的事情？” 地球代表：“可是我们实在不知道该怎么写啊，毕竟你们来了之后我们就更不知道该怎么生活了。” 于是外星人无奈地摇了摇头，离开了地球。从那以后，地球人的新闻变得更加消极了。 为什么？ 因为外
zh_0938	也门胡塞武装宣布中止与美停火协议，美国表示：“我们本来就是单方面停火，你懂的。”
zh_0939	戴資穎世界羽聯積分歸零，轉頭就去英国旅游了，球評驚呼：這位小姐球技優雅，打扮也優雅，真是史上最佳女單選手！
zh_0940	星巴克买一杯送一杯，85度C买一杯送一杯，于是他们两个决定一起开party，结果变成了双倍的欢乐派对！但是第三杯是橙汁...看来优惠多多，免费也要喝得聪明哦~
zh_0941	谜底：原来是一只版权狗，夜巡的时候抓走了所有原创作品。
zh_0942	高雄的保母是假的，但她做的饭菜超级正宗，因为每顿都是从社会局借来的。社会局：我们只能帮忙提供线索，至于如何分辨饭菜真假，还需要您自己动动脑筋哦~
zh_0943	因为在台湾，大家都喜欢在手机上玩“猜谜语赚钱”游戏，外国人见了直呼：你们这是在集体脑力劳动吗？
zh_0944	自由广场会议中心的音响系统出了问题，开会时只有半边广场能听到发言，真是自由得很！
zh_0945	台风把广东福建海南的西瓜都吹熟了，结果这两地的西瓜突然大减产，相关部门紧急拨款1.5亿买冰块给西瓜降温...
zh_0946	匹克球比赛，甲乙丙丁四人参赛，甲获胜，众人欢呼，只有乙不高兴，旁人问乙：“为何不高兴？”乙：“我还不是一样玩匹克球，为什么就差了一个‘全’字呢？”
zh_0947	一位妈妈买了一个行动电源给女儿，结果家里着火了，母女俩只能相拥而泣。消防员过来后安慰她们说：“别担心，以后买这款就行了，绝对安全。” 消防员递过一个行动电源，上面写着“永不自燃”。母女俩看了看，然后相拥而泣。消防员疑惑地问：“怎么了？” 母女俩哭着说：“这款我们已经买了两个了……”
zh_0948	曾沛慈走进理发店，理发师看着她的“天菜”说：“你还是加入外貌协会吧，这里才是你的归宿。”曾沛慈笑着说：“我已经加入了，他们还特地给我开了个分会呢！”从此，她的人生轨迹发生了改变。
zh_0949	台灣對戰香港時，高偉強投得非常出色，連香港隊的打者都直呼過癮，結果香港队教练无奈地说：“他们不是在打棒球，而是在欣赏艺术！”
zh_0950	财经界有一句名言：股市就像一个公平的秤，一边是你，一边是你的贪婪。有一天股市崩盘了，财经们纷纷跳下去，结果发现另一边也是自己。
zh_0951	孫艺真让3岁儿子勾童心唱一首歌，儿子唱着唱着就高八度了，孙艺真：宝贝你这是在变声吗？儿子：妈妈你听，我是不是变成小公举了？
zh_0952	有一只阿圆去刺青，结果痛得惨叫，眼泪都快掉了，他边哭边说：“我本来想改变的，现在我更喜欢以前的刺了。”
zh_0953	南极的企鹅问阿根廷乌斯怀亚：“你们这儿不是世界的尽头吗？那我是不是只要再走一步就能走到起点了？”阿根廷乌斯怀亚回答：“差不多吧，不过你得先过我这关。”企鹅无奈地说：“那我还是回去练企鹅步吧，毕竟这里也是悲怆历史的地方，我不想留下企鹅的脚印。”
zh_0954	中奖者兴奋地说：“终于可以退休了！”朋友问：“为什么？”他说：“因为彩票告诉我，2025年才能退休啊！”
zh_0955	Ryu和女友画风不合，最后 Ryu 气得大喊：“妳想把我毁了？我可是格斗游戏界的艺术大师！”
zh_0956	李昱諄在比赛中遇到了世界第3，两人打了个平手，最终决定一起分享8强名额。
zh_0957	有一天，一家人一起去海边玩，爸爸负责拍照，妈妈和儿子去冲浪，结果母子俩被大浪卷走了。爸爸赶紧跳进海里救人，自己也差点被浪卷走。政府发出警告说：“请大家远离海岸。”但是有些人就是不听，还在那边晒太阳、玩手机，完全不在乎政府的警告。这时，爸爸游到了岸边，气喘吁吁地说：“你们说政府的警告有用吗？我刚刚也被卷走了！”旁边的人说：“那你还不是好好的在这里啊？”爸爸回答：“对啊，但是我身边的母子俩呢？”
zh_0958	"国际比赛，中国对阵美国。
中国队员：国际规则是什么？
裁判：你们自己制定。
中国队员：那我们就踢足球吧！
裁判：好啊，你们赢了算美国队输。
中国队员：不行，我们要踢篮球！
裁判：行行行，你们赢了算美国队输。
美国队员：等等，我们想换项，踢乒乓球！
裁判：别闹了，你们要是赢了算中国队输。 国际比赛就这样愉快地变成了友谊赛..."
zh_0959	海外升学要带哪些东西？ passport（护照）和 visa（签证），还有就是“汉语 Bridge”（因为出国后跟爸妈打电话时需要用到）。
zh_0960	台泥三元电池厂火灾，损失惨重，保险公司赔偿后发现，原来他们一直被电池厂老板欺骗，电池厂的电池竟然可以储存火灾赔偿金！从此，保险业的秘密就是：最好的保险是……一个不会着火的电池！（虽然这可能是个伪命题）
zh_0961	杨铭威说：“王柏杰最近状态很不错，他已经恢复了和平的生活，心情也十分舒畅。”然后他又补充了一句，“不过我现在还是他的好朋友，我们经常一起打游戏，只不过他现在比较喜欢玩和平精英。”
zh_0962	买了便宜Android平板却只能当秤用，结果一称自己体重都快超过屏幕大小了。 11吋萤幕果然不是盖的！（注：这里的“11吋”指的是萤幕大小，而非真的能秤十一公斤）
zh_0963	东风老板和华为老板在东风汽车里密谈，出来后东风老板说：“我们开发一款新车，叫华为猛士，既有东风的强劲动力，又有华为的智能科技。”华为老板点头称是，突然东风老板说：“不过名字太长，就叫‘猛士’吧。”华为老板：“好的，不过是不是应该加个智能前缀，叫‘猛士智能’？”东风老板：“嗯，行，那就叫‘猛士智能’吧，反正越野车就是用来智能越野的。”华为老板：“哈哈，说得也是，那我们就这么定了。”从此，猛士智能
zh_0964	曾遭性侵生子的《粉红豹》60年代银幕女神帕特里夏·韦科尔斯-雷诺兹因乳腺癌去世，享年81岁。她生前在接受采访时透露自己曾遭到性侵并因此怀孕，但最终流产。她表示：“这是一段黑暗的经历，但我很坚强。”
zh_0965	下载APP后却忘了密码，结果只能无奈地删除了这个忘事的APP。
zh_0966	独家消息：健保总额成长率5.5%，医生们表示：“终于有一年不用变着花样给我们加钱了！”护士在一旁小声说：“可是我们的工资还是0.5%...”
zh_0967	\n\n为什么观点像厕所？因为不管它多脏，总有人愿意打扫。
zh_0968	金羊图库更多的羊都在看羊羊们跳高比赛，结果所有羊都跳到了同一个高度，因为它们一起喊：“别动，我给你垫脚！”
zh_0969	举报了27家黑砖厂后，上官正义回家发现自己的房子竟然也是用黑砖建的，这让他想不通的是：为什么自己举报的都是别人的黑砖厂，唯独自己的黑砖厂没人举报呢？
zh_0970	周杰伦的Nike联名新球鞋首发，结果他自己脚上穿的还是那双破球鞋，身份真是巨星啊！
zh_0971	有一天，普廷和习近平在热麦克风前讨论器官移植与永生，突然普廷咳嗽了一声，习近平吓了一跳说：“你这是要试试热麦克风的‘肺’部功能吗？”
zh_0972	外籍摄影师临时有事不能来，新来的替补摄影师说：“放心吧，我报价是新人的两倍！”新娘疑惑：“为什么？”替补摄影师回答：“因为我是新人的两倍啊！”
zh_0973	教宗：“你们不能因为我是教宗就可以非法入境美国！”保守派天主教徒：“但是 pope 陛下，你是教宗啊！”教宗：“那也不行，我可不想让我的蜜月期再次告终。”
zh_0974	广东说：我们这儿有粤读通，不管你想找工作还是想转行，都能找到适合你的岗位，而且工资还很高，简直让人羡慕得“粤”！职通未来？在这里，你只需要“广”开口，机会自然来敲门！但是，如果你是外省的小伙伴，可能就需要“粤”点努力了，毕竟话说“广”了也不行嘛~（注：粤读通、粤点努力都是广东话，分别意为“粤语”和“稍微”）
zh_0975	左撇子女孩金马9提名，奥数导演西恩贝克笑称高兴得要飞上天，结果不小心把飞机也弄成了左撇子。
zh_0976	《天才衝衝衝》读音惹议！题目“熙熙攘攘”引来宾惊慌失措，工作人员急喊卡。结果嘉宾紧张过度，把“熙熙攘攘”念成了“稀稀忙忙”。
zh_0977	生活消閒就是把时间花在玩手机上，但是手机没电了，你只能用生活来消閒。
zh_0978	在山上眺望寺庙，只见云雾缭绕，僧人答曰：这叫“崇德道中望福严”，_below_the_mist_and_fog_a_temple_can_be_seen_this_is_called_wang_de_on_the_mountain_path望而弗能即，_below_the_clouds_and_fog_a_temple_can_be_seen_but_cannot_reach_it_this_is_called_wang_de_on_the_mountain_path我只能望梅止渴了，below_the_clouds_and_fog_a_temple_can_be_seen_i_can_only_quench_my_thirst_with_plums_ah
zh_0979	在棒球场上，一名士兵📐高举国旗，观众席上掌声雷动。就在这时，一艘历史战舰突然驶入球场，舰上的老兵们齐声高唱国歌，掌声瞬间变成了欢呼声，整个球场仿佛穿越了时空，从现代棒球场瞬间回到了二战战场。从此，每当有老兵登场比赛，现场的掌声和欢呼声都会比之前更热烈，因为大家都知道，这是对最勇敢士兵的最高敬意。而那位在战舰上的老兵，每次听到掌声，都会眼含热泪，因为他知道，美国的敬军精神不仅深植
zh_0980	保持快乐真的能让皮肤变得像果冻一样Q弹吗？最新研究表明，笑容是最好的保湿剂，但别忘了涂防晒霜哦~毕竟，不是所有的年轻都是天然的！😄🌟👩‍🔬🔍💊🌱🌞🌈⏰🏃‍♀️💪🏼💬💬💬💬💬💬💬💬💬💬💬💬💬💬💬💬💬💬💬💬💬💬💬💬💬💬💬💬💬💬💬💬💬💬💬💬💬💬💬💬💬💬💬💬💬💬💬💬💬💬💬💬💬💬💬💬💬💬💬💬💬💬💬💬💬💬💬💬💬
zh_0981	鸡排哥突然接到景德镇的邀请，结果发现菜单全是瓷器，他疑惑：“这是要让我捧个‘瓷’回？”
zh_0982	有一家公司叫“久利生”，它决定挑战TikTok，结果发现自己的账号名称被限制了，原因是：“请不要在账号名称中使用赌博相关词汇。” 久利生：什么？我们只是想挑战TikTok，没想到会被认为是赌博公司……
zh_0983	医生说：“最近接诊了一位‘共眠煞’患者，这个人不打呼，所以我们很难发现他。”旁边的人问：“那他是因为和谁共眠导致的？”医生回答：“并不是和人共眠，而是和另一种疾病共眠，你们要注意哦，尤其是这两类人：一类是经常熬夜的，另一类是喜欢一个人睡大床的。”旁边的人一脸疑惑：“为什么？”医生解释：“因为这两类人更容易和‘共眠煞’结伴而行！”
zh_0984	最美麗主持人白嘉莉来啦！她跨界艺术，无所不能，这次她要挑战主持数学课了。她说：“各位同学，今天我们要讨论一下圆周率……”台下立刻响起一片咳嗽声。
zh_0985	H&M第三季度净销售额为570亿瑞典克朗，这意味着他们的衣服足够给每位地球人买一套还剩一半！ 但是地球上有外星人，外星人可能也需要买衣服，所以实际上可能不够。
zh_0986	法务部的检察官们进驻现场，发现堰塞湖旁有一群人在钓鱼，于是开始了一连串的法律咨询...结果钓到了17条鱼，全部都因为触电而死。
zh_0987	台灣隊對陣香港時，香港队build了很高的防御塔，台灣队用连环扣直接把防御塔扣塌了，結果香港队瞬间11层楼都轰垮了，直接GG。
zh_0988	白银价格疯涨，比黄金还猛，于是有人问白银：你哪里来的这么多钱？白银说：我以前只是个默默无闻的金属，现在终于可以买黄金项链了，没想到一戴就是62%的涨幅！
zh_0989	国庆中秋假期，小明一家选择畅游祖国大好河山，结果导航显示所有景点都在“待开发中”，一家人只好围坐在黄河边吃月饼，小明感叹：“看来我们得自己开发一个新的景点了！”
zh_0990	小明参加了一场权谋游戏，结果因为频繁失误意外获胜，从此开启了开挂人生，从社会底层直接逆袭成为董事长，朋友们都感叹：小明这是《权力暗战：征途》里的倒霉蛋吧。
zh_0991	足球比赛时，他不仅带了钱包准备消费，还带了经济理论准备激活整个城市，结果只激活了周边几排观众。
zh_0992	可乐生活就是每天醒来都对着冰箱大喊：“你是我的可乐！”然后冰箱默默的拿出一瓶可乐，因为对于冰箱来说，主人的生活已经司空见惯了。 但是有一天，冰箱实在受不了了，它拿出了整箱的可乐，对着主人说：“你这是在追求刺激吗？” 主人一脸懵逼：“这...这是生活啊！” 冰箱： “......”
zh_0993	女律师控告吕秋远要堕胎离职，求偿一百万，没想到吕秋远直接回了一句：“调解告吹，案子继续。”
zh_0994	刘惟诚：“谁是土团党内乱的隐形之手？” 小明：“当然是空气啦，地上没有手印。”
zh_0995	泰国的大地在跟 Bangkok 地下水说：我要崩塌啦～Bangkok 脸颊一红：不好意思，我地下管道太多啦～wat？wat？wat？wat？wat？（注：wat为泰国人对寺庙的统称，此处意为：水管？水管？水管？水管？水管？）
zh_0996	高雄鳳山車站的大燈一開，附近的烏龜都變青蛙了，因為它们都被嚇「 POLITICIAN 」了！（Politician在台語裡是「青蛙」的意思）
zh_0997	公民在超市买了一大堆东西，结账时发现自己忘带钱包了，于是他直接对收银员说：“这些都算在我国家的账上。”收银员愣了愣，然后回答：“对不起先生，您这是在公民超市，不是联合国。”
zh_0998	Smart #4听说要接替ForFour，兴奋地对朋友说：“终于有机会去欧洲冒险了，国内那些无聊的交通规则我受够了！”朋友回答：“那你可要注意了，欧洲的路比国内宽多了，别变成智能公路的一部分哦！”
zh_0999	文科生们失业了，韩国有家公司终于开窍，招聘启事上赫然写着：“应聘者需证明你曾用韩文写过情书”
zh_1000	中央灾害应变中心回应：这并非新创，早在古代就有“垂直避难”方法，就是在山洞里避难。某记者问：那现代人怎么不用山洞了？中心人员无奈：因为现代人都住楼房，山洞都归开发商了。 某记者疑惑：那开发商为什么不盖山洞房呢？中心人员哭笑不得：因为他们也没地方挖！ 某记者：那你们为什么不建山洞应急避难所呢？中心人员：我们已经建了，但它叫“地下掩体”。 某记者：那为什么叫“地下
